NAME,CATEGORY,RATING,PRICE,REVIEW,STREET,CITY,PHONE
Neptune Oyster,Seafood,4.5,$$$,5157,63 Salem St,Boston,6177423474
Mike's Pastry,Bakeries,4.0,$,7344,300 Hanover St,Boston,6177423050
Carmelina's,Italian,4.5,$$,2275,307 Hanover St,Boston,6177420020
Giacomo's Ristorante - Boston,Italian,4.0,$$,3537,355 Hanover St,Boston,6175239026
Mike & Patty's - Boston,Sandwiches,4.5,$,1776,12 Church St,Boston,6174233447
Atlantic Fish Co,Seafood,4.0,$$$,2600,761 Boylston St,Boston,6172674000
Toro,Tapas Bars,4.0,$$$,2189,1704 Washington St,Boston,6175364300
Modern Pastry Shop,Bakeries,4.0,$,2064,257 Hanover St,Boston,6175233783
Luke's Lobster Back Bay,Seafood,4.0,$$,1784,75 Exeter Street,Boston,8573504626
Sam LaGrassa's,Delis,4.5,$$,1032,44 Province St,Boston,6173576861
The Friendly Toast,Bars,4.0,$$,1818,35 Stanhope St,Back Bay,6174567849
Saltie Girl,Seafood,4.5,$$$,1155,281 Dartmouth St,Boston,6172670691
Regina Pizzeria,Pizza,4.0,$$,2087,11 Thacher St,Boston,6172270765
Row 34,American (New),4.0,$$$,1485,383 Congress St,Boston,6175535900
Flour Bakery + Café,Bakeries,4.5,$$,1177,12 Farnsworth St,Boston,6173384333
Lolita Cocina & Tequila Bar Back Bay,Mexican,4.0,$$,2176,271 Dartmouth St,Boston,6173695609
The Salty Pig,American (New),4.0,$$,1685,130 Dartmouth St,Boston,6175366200
Barcelona Wine Bar South End,Spanish,4.5,$$,1124,525 Tremont St,Boston,6172662600
Pauli's,Sandwiches,4.5,$$,1158,65 Salem St,Boston,8572847064
James Hook,Seafood,4.0,$$,1282,440 Atlantic Ave,Boston,6174235501
Bova's Bakery,Bakeries,4.5,$,1208,134 Salem St,Boston,6175235601
The Daily Catch,Italian,4.0,$$,1677,323 Hanover St,Boston,6175238567
Yankee Lobster,Seafood Markets,4.0,$$,1741,300 Northern Ave,Boston,6173459799
Picco Pizza & Ice Cream,Pizza,4.0,$$,1193,513 Tremont St,Boston,6179270066
Bostonia Public House,American (New),4.0,$$,1446,131 State St,Boston,6179489800
Museum Of Fine Arts,Art Museums,4.5,,797,465 Huntington Ave,Boston,6172679300
The Capital Grille,Steakhouses,4.5,$$$$,954,900 Boylston St,Boston,6172628900
O Ya,Japanese,4.5,$$$$,740,9 East St Pl,Boston,6176549900
Flour Bakery + Café,Coffee & Tea,4.0,$$,1038,131 Clarendon St,Boston,6174377700
Thinking Cup,Coffee & Tea,4.0,$$,1173,165 Tremont St,Boston,6174825555
Toscanini's Ice Cream,Ice Cream & Frozen Yogurt,4.5,$$,1728,159 First St,Cambridge,6174915877
Boston Public Garden,Parks,4.5,,363,4 Charles St,Boston,
Myers & Chang,Asian Fusion,4.0,$$,1682,1145 Washington St,Boston,6175425200
Mistral,French,4.0,$$$$,969,223 Columbus Ave,Boston,6178679300
Saus,Beer Bar,4.0,$$,1254,33 Union St,Boston,6172488835
Flour Bakery & Cafe,Bakeries,4.0,$$,877,1595 Washington St,Boston,6172674300
Yvonne's,American (New),4.0,$$$,1013,2 Winter Pl,Boston,6172670047
Pho Basil,Vietnamese,4.0,$$,1249,177 Massachusetts Ave,Boston,6172625377
Parish Cafe and Bar,Sandwiches,4.0,$$,1416,361 Boylston St,Boston,6172474777
The Beehive,American (Traditional),3.5,$$,2189,541 Tremont St,Boston,6174230069
El Pelón Taquería,Mexican,4.0,$,1118,92 Peterborough St,Boston,6172629090
Avana Sushi,Japanese,4.0,$,982,42 Beach St,Boston,6178187782
Abe & Louie's,Steakhouses,4.0,$$$,1369,793 Boylston St,Boston,6175366300
Drink,Lounges,4.0,$$$,1574,348 Congress St,Boston,6176951806
Thinking Cup,Coffee & Tea,4.0,$$,816,85 Newbury St,Boston,6172473333
Marliave,French,4.0,$$$,1293,10 Bosworth St,Boston,6174220004
Galleria Umberto,Pizza,4.5,$,650,289 Hanover St,Boston,6172275709
La Famiglia Giorgio's,Italian,4.0,$$,1458,112 Salem St,Boston,6173676711
North Street Grille,Breakfast & Brunch,4.0,$$,1002,229 North St,Boston,6177202010
Boston Burger - Boston,Burgers,4.0,$$,1038,1100 Boylston St,Boston,8572334560
Q Restaurant,Chinese,4.0,$$,1077,660 Washington St,Boston,8573503968
Al Dente Restaurant,Italian,4.0,$$,1147,109 Salem St,Boston,6175230990
B&G Oysters,Seafood,4.0,$$$,1062,550 Tremont St,Boston,6174230550
Spring Shabu-Shabu,Hot Pot,4.5,$$,761,304 Western Ave,Boston,6172025422
The Paramount,Breakfast & Brunch,4.0,$$,1604,44 Charles St,Boston,6177201152
Shabu-Zen,Hot Pot,4.0,$$,900,16 Tyler St,Boston,6172928828
Giacomo's,Italian,4.0,$$,1308,431 Columbus Ave,Boston,6175365723
Coppa Enoteca,Italian,4.0,$$$,884,253 Shawmut Ave,Boston,6173910902
Fuji at Ink Block,Japanese,4.5,$$,469,352 Harrison Ave,Boston,6179363282
Union Oyster House,Seafood,3.5,$$,2853,41 Union St,Boston,6172272750
Rino's Place,Italian,4.0,$$,867,258 Saratoga St,Boston,6175677412
Boston Common,Parks,4.5,,468,Beacon St,Boston,3045634951
Grill 23 & Bar,Seafood,4.0,$$$$,1045,161 Berkeley St,Boston,6175422255
Blunch,Breakfast & Brunch,4.5,$,488,59 E Springfield St,Boston,6172478100
Theo's Cozy Corner,Breakfast & Brunch,4.5,$$,526,162 Salem St,Boston,6172410202
Pomodoro,Italian,4.5,$$,531,351 Hanover St,Boston,6173674348
Ostra,Seafood,4.5,$$$$,468,1 Charles St S,Boston,6174211200
Sorellina,Italian,4.0,$$$$,673,1 Huntington Ave,Boston,6174124600
Milkweed,American (New),4.5,$$,684,1508 Tremont St,Boston,6175168913
GreCo,Greek,4.5,$$,472,225 Newbury St,Boston,6175723300
Boston Sail Loft,Bars,4.0,$$,850,80 Atlantic Ave,Boston,6172277280
Gourmet Dumpling House,Chinese,3.5,$$,1998,52 Beach St,Boston,6173386223
Lobstah On A Roll,Seafood,4.5,$$,405,537 Columbus Ave,Boston,6174247067
Georgetown Cupcake,Bakeries,4.0,$$,837,83 Newbury St,Boston,6179272250
Ernesto's,Pizza,4.0,$,769,69 Salem St,Boston,6175231373
SRV Boston,Italian,4.5,$$$,433,569 Columbus Ave,Boston,6175369500
Isabella Stewart Gardner Museum,Art Museums,4.5,,555,25 Evans Way,Boston,6175661401
Panza,Italian,4.0,$$,1308,326 Hanover St,Boston,6175579248
Ogawa Coffee,Coffee & Tea,4.0,$$,568,10 Milk St,Boston,6177807139
Boston Chowda,Seafood,4.0,$$,1037,1 Faneuil Hall Market Pl,Boston,6177424441
Santarpio's Pizza,Pizza,4.0,$$,1295,111 Chelsea St,Boston,6175679871
Douzo,Sushi Bars,4.0,$$$,1087,131 Dartmouth St,Boston,6178598886
Tora Japanese Restaurant,Japanese,4.5,$$,439,20B Tyler St,Boston,6175426688
Orinoco,Caribbean,4.0,$$,598,477 Shawmut Ave,Boston,6173697075
Render Coffee,Cafes,4.5,$,501,563 Columbus Ave,Boston,6172624142
Shojo,Asian Fusion,4.0,$$,850,9A Tyler St,Boston,6174237888
Grotto,Italian,4.0,$$$,821,37 Bowdoin St,Boston,6172273434
Boston Tea Party Ships & Museum,Museums,4.5,,425,306 Congress St,Boston,6173381773
Arnold Arboretum,Parks,4.5,,303,125 Arborway,Boston,6175241718
No. 9 Park,French,4.0,$$$$,672,9 Park St,Boston,6177429991
Monica's Mercato,Specialty Food,4.5,$$,501,130 Salem St,Boston,6177424101
Mooo Restaurant,Steakhouses,4.0,$$$$,902,15 Beacon St,Boston,6176702515
L.A. Burdick Handmade Chocolates,Desserts,4.5,$$,454,220 Clarendon St,Boston,6173030113
Trident Booksellers & Café,Bookstores,3.5,$$,1844,338 Newbury St,Boston,6172678688
Café Luna,Coffee & Tea,4.0,$$,1404,612 Main St,Cambridge,6175763400
Bricco,Italian,4.0,$$$,1011,241 Hanover St,Boston,6172486800
Oleana Restaurant,Mediterranean,4.5,$$$,1533,134 Hampshire St,Cambridge,6176610505
Cornish Pasty,British,4.5,$$,285,51A Massachusetts Ave,Boston,8572504497
Fogo de Chão,Brazilian,4.0,$$$,859,200 Dartmouth St,Boston,6175856300
Brown Sugar Cafe,Thai,4.0,$$,901,1033 Commonwealth Ave,Boston,6177874242
Sweet Cheeks Q,Southern,3.5,$$,1546,1381 Boylston St,Boston,6172661300
Taqueria Jalisco,Mexican,4.5,$,376,291 Bennington St,Boston,6175676367
Trattoria Il Panino,Italian,4.0,$$,895,11 Parmenter St,Boston,6177201336
Legal Sea Foods,Seafood,3.5,$$$,1411,270 Northern Ave,Boston,6174772900
Piattini,Italian,4.0,$$,868,226 Newbury St,Boston,6175362020
Tasty Burger,Burgers,4.0,$,1147,1301 Boylston St,Boston,6174254444
Caffé Vittoria,Coffee & Tea,4.0,$,969,296 Hanover St,Boston,6172277606
Deuxave,American (New),4.0,$$$,553,371 Commonwealth Ave,Boston,6175175915
The Gallows,Burgers,4.0,$$,856,1395 Washington St,Boston,6174250200
Mike's City Diner,Diners,4.0,$$,614,1714 Washington St,Boston,6172679393
Sportello,Italian,4.0,$$$,841,348 Congress St,Boston,6177371234
Al's State Street Cafe,Sandwiches,4.5,$,493,112 State St,Boston,6177205555
Santouka Back Bay,Ramen,4.0,$$,603,66 Hereford St,Boston,8573105194
Shawarma Falafel,Middle Eastern,4.5,$,436,26 Province St,Boston,8572653017
Bootleg Special,Cajun/Creole,4.0,$$,676,400 Tremont St,Boston,6174511800
Mamma Maria,Italian,4.0,$$$,647,3 North Sq,Boston,6175230077
Aquitaine,French,4.0,$$$,907,569 Tremont St,Boston,6174248577
Dolphin Bay,Taiwanese,4.5,$,493,72 Brighton Ave,Boston,6175621668
Legal Sea Foods,Seafood,3.5,$$$,1332,255 State St,Boston,6177425300
Oishii Boston,Sushi Bars,4.0,$$$,756,1166 Washington St,Boston,6174828868
Museum of Science,Museums,4.0,,681,1 Science Park,Boston,6177232500
Casa Razdora,Italian,4.5,$,324,115 Water St,Boston,6173386700
Menton,French,4.0,$$$,490,354 Congress St,Boston,6177370099
Life Alive,Vegetarian,4.5,$$,1466,765 Mass Ave,Cambridge,6173545433
Silvertone,American (Traditional),4.0,$$,863,69 Bromfield St,Boston,6173387887
Moonshine 152,American (New),4.5,$$,410,152 Dorchester Ave,Boston,6177524191
Ruth's Chris Steak House,Steakhouses,4.0,$$$,840,45 School St,Boston,6177428401
Sonsie,American (New),3.5,$$,1330,327 Newbury St,Boston,6173512500
Polcari's Coffee,Coffee & Tea,5.0,$$,183,105 Salem St,Boston,6172270786
Thinking Cup,Coffee & Tea,4.0,$,571,236 Hanover St,Boston,8572335277
Loco Taqueria & Oyster Bar,Cocktail Bars,4.0,$$,618,412 W Broadway,Boston,6179175626
Craigie On Main,American (New),4.0,$$$$,1306,853 Main St,Cambridge,6174975511
Lincoln Tavern and Restaurant,American (New),4.0,$$,879,425 W Broadway,Boston,6177658636
Taiwan Café,Taiwanese,3.5,$$,1117,34 Oxford St,Boston,6174268181
Boston Shawarma,Middle Eastern,4.0,$,566,315 Huntington Ave,Boston,6176700460
Zo Greek,Greek,4.5,$,351,3 Center Plz,Boston,6179016017
North End Fish Market,Sushi Bars,4.5,$$,308,99 Salem St,Boston,8573627477
Boston Chops South End,Bars,4.0,$$$,618,1375 Washington St,Boston,6172275011
Limoncello Ristorante,Italian,4.0,$$,703,190 North St,Boston,6175234480
Irashai Sushi and Teriyaki,Japanese,4.0,$$,509,8 Kneeland St,Boston,6173506888
Dig,American (New),4.0,$$,486,557 Boylston St,Boston,6179043711
The Tip Tap Room,American (New),4.0,$$,719,138 Cambridge St,Boston,8573503344
Tea Do - Boston,Coffee & Tea,4.0,$,648,8 Tyler St,Boston,6179888002
Fin Point Oyster Bar + Grille,Seafood,4.5,$$$,321,89 Broad St,Boston,6173481234
Bistro du Midi,French,4.0,$$$,617,272 Boylston St,Boston,6172798000
Luke's Lobster Downtown Crossing,Seafood,4.0,$$,410,290 Washington St,Boston,8573174843
Earls Kitchen + Bar,American (New),4.0,$$,905,800 Boylston St,Boston,8579570949
Coco Leaf,Desserts,4.5,$,245,1480 Dorchester Ave,Boston,6175060010
Nico Ristorante,Italian,4.0,$$$,582,417 Hanover St,Boston,6177420404
KAVA neo-taverna,Greek,4.5,$$$,322,315 Shawmut Ave,Boston,6173561100
Basile - Fine Italian Kitchen,Italian,4.0,$$$,457,162 Columbus Ave,Boston,6173500007
Toscano Restaurant,Italian,4.0,$$$,489,47 Charles St,Boston,6177234090
Locale,Pizza,4.5,$$,384,352 Hanover St,Boston,6177429600
Taiyaki NYC - Boston,Ice Cream & Frozen Yogurt,4.0,$,474,119 Seaport Blvd,Boston,6175313514
The Brewer's Fork,Pizza,4.5,$$,386,7 Moulton St,Boston,6173375703
John F Kennedy Presidential Library & Museum,Museums,4.5,,253,Columbia Point,Boston,6175141600
Davio's,Italian,4.0,$$$,564,75 Arlington St,Boston,6173574810
Kaze Shabu Shabu,Japanese,4.0,$$,574,1 Harrison Ave,Boston,6173388283
Clover Food Truck,American (New),4.0,$,482,,Boston,
Figs by Todd English,Pizza,4.0,$$,783,42 Charles St,Boston,6177423447
Bar Mezzana,Italian,4.5,$$$,348,360 Harrison Ave,Boston,6175301770
KO Pies At the Shipyard,Australian,4.5,$$,328,256 Marginal St,Boston,6174185234
Flour Bakery + Café,Coffee & Tea,4.0,$$,927,190 Massachusetts Ave,Cambridge,6172252525
Amorino Gelato,Ice Cream & Frozen Yogurt,4.0,$$,458,249 Newbury St,Boston,6175853185
My Thai Vegan Cafe,Thai,3.5,$$,852,3 Beach St,Boston,6174512395
Mei Mei Restaurant,Asian Fusion,4.0,$$,428,506 Park Dr,Boston,8572504959
Winsor Dim Sum Café,Dim Sum,3.5,$$,1062,10 Tyler St,Boston,6173381688
sweetgreen,Salad,4.0,$$,536,659 Boylston St,Boston,6179363464
FoMu,Ice Cream & Frozen Yogurt,4.5,$$,235,655 Tremont St,Boston,6179827955
Helmand Restaurant,Afghan,4.0,$$,870,143 1st St,Cambridge,6174924646
Buttermilk & Bourbon,Southern,4.0,$$,601,160 Commonwealth Ave,Boston,6172661122
Pho Pasteur,Vietnamese,3.5,$,1331,682 Washington St,Boston,6174827467
Italian Express Pizzeria,Italian,4.5,$$,461,336 Sumner St,Boston,6175610038
Summer Shack - Boston,Seafood,3.5,$$,925,50 Dalton St,Boston,6178679955
Bonchon Allston,Korean,3.5,$$,1109,123 Brighton Ave,Boston,6172548888
Jm Curley,American (New),3.5,$$,799,21 Temple Pl,Boston,6173385333
La Voile,French,4.0,$$$,534,261 Newbury St,Boston,6175874200
Tatte Bakery & Cafe,Cafes,4.0,$$,453,70 Charles St,Boston,6177235555
Pho Viet's,Vietnamese,4.0,$,446,1022 Commonwealth Ave,Boston,6175628828
Futago Udon,Japanese,4.5,$$,292,508 Park Dr,Boston,6175056157
Teatro,Italian,4.0,$$$,562,177 Tremont St,Boston,6177786841
Tatte Bakery & Cafe,Breakfast & Brunch,4.0,$$,338,399 Boylston St,Boston,6173661555
Franklin Cafe,Lounges,4.0,$$,510,278 Shawmut Ave,Boston,6173500010
Citrus & Salt,Cocktail Bars,4.0,$$,574,142 Berkeley St,Boston,8333248787
Penang,Malaysian,3.5,$$,992,685 Washington St,Boston,6174516373
Beantown Pho & Grill,Vietnamese,4.0,$$,431,272 Newbury St,Boston,8572638440
Maggiano's Little Italy,Italian,3.5,$$,913,4 Columbus Ave,Boston,6175423456
Terramia Ristorante,Italian,4.0,$$$,450,98 Salem St,Boston,6175233112
The Oceanaire Seafood Room,Seafood,4.0,$$$,677,40 Court St,Boston,6177422277
Metropolis,American (New),4.0,$$,489,584 Tremont St,Boston,6172472931
Laughing Monk Cafe,Sushi Bars,4.5,$$,258,737 Huntington Ave,Boston,6172328000
Ciao! Pizza & Pasta,Italian,5.0,$$,755,59 Williams St,Chelsea,6172869346
Committee,Mediterranean,4.0,$$,599,50 Northern Ave,Boston,6177375051
Scampo,Italian,4.0,$$$,570,215 Charles St,Boston,6175362100
Dino's,Italian,4.0,$$,406,141 Salem St,Boston,6172271991
Barking Crab,Seafood,3.0,$$,2164,88 Sleeper St,Boston,6174262722
Antico Forno,Italian,3.5,$$,1032,93 Salem St,Boston,6177236733
Angela's Cafe - Eagle Hill,Mexican,4.0,$$,448,131 Lexington St,Boston,6175674972
RUKA Restobar,Sushi Bars,4.0,$$$,479,505 Washington St,Boston,6172660102
Veggie Galaxy,Breakfast & Brunch,4.0,$$,1277,450 Massachusetts Ave,Cambridge,6174971513
Ma Maison,French,4.5,$$,259,272 Cambridge St,Boston,6177258855
Cafe Madeleine,Bakeries,4.5,$$,275,517 Columbus Ave,Boston,8572398052
Kane's Donuts - Downtown,Donuts,4.0,$$,373,90 Oliver St,Boston,8573172654
Alive & Kicking Lobsters,Seafood,4.5,$$,847,269 Putnam Ave,Cambridge,6178760451
Ocean Prime,Seafood,4.0,$$$,497,140 Seaport Blvd,Boston,6176701345
bartaco Seaport,Tacos,4.0,$$,471,25 Thomson Pl,Boston,6178198226
Cafe Bonjour,Breakfast & Brunch,5.0,$$,151,55 Temple Pl,Boston,6177790062
Chacarero,Sandwiches,4.0,$,408,101 Arch St,Boston,6175420392
RED WHITE BUDDHA RAMEN ,Japanese,4.5,$$,183,294 Newbury St,Boston,8572770609
Lucy Ethiopian Cafe,Ethiopian,4.0,$$,413,334 Massachusetts Ave,Boston,6175360415
New England Aquarium,Aquariums,3.5,,918,1 Central Wharf,Boston,6179735200
Boston Barber & Tattoo Co.,Barbers,4.5,$,237,113 Salem St,Boston,6177420611
Hei La Moon,Dim Sum,3.5,$$,1214,88 Beach St,Boston,6173388813
Rod Thai Family Taste,Thai,4.0,$,414,94 Peterborough St,Boston,6178590969
Cocobeet,Juice Bars & Smoothies,4.5,$$,240,100 City Hall Plz,Boston,8572638598
Bukowski Tavern,American (Traditional),3.5,$$,695,50 Dalton St,Boston,6174379999
India Quality Restaurant,Indian,4.0,$$,767,484 Commonwealth Ave,Boston,6172674499
Bleacher Bar,Sports Bars,4.0,$$,483,82 Lansdowne St,Boston,6172622424
Tenoch Mexican,Mexican,4.0,$,326,3 Lewis St,Boston,6172489537
Cantina Italiana,Italian,4.0,$$,573,346 Hanover St,Boston,6177234577
MIDA,Italian,4.0,$$$,320,782 Tremont St,Boston,6179363490
Caffè Nero,Coffee & Tea,4.0,$$,444,560 Washington St,Boston,6179363432
Eataly Boston,Pizza,3.5,$$,990,800 Boylston St,Boston,6178077300
Joe's On Newbury,American (Traditional),3.5,$$,980,181 Newbury St,Boston,6175364200
Gracenote Coffee,Coffee & Tea,4.5,$,181,108 Lincoln St,Boston,
Ward 8,Cocktail Bars,4.0,$$,491,90 N Washington St,Boston,6178234478
Koy,Korean,4.0,$$,537,16 North St,Boston,8579911483
Mr. Dooley's,Irish,4.0,$$,434,77 Broad St,Boston,6173385656
PABU Izakaya Boston,Sushi Bars,4.0,$$$,410,3 Franklin St,Boston,8573277228
Dirty Water Dough,Pizza,4.0,$,479,222 Newbury St,Boston,6172620090
City Tap House,Breakfast & Brunch,4.0,$$,492,10 Boston Wharf Rd,Boston,6179042748
Area Four,Pizza,4.0,$$,938,500 Technology Sq,Cambridge,6177584444
PURO ceviche bar,Wine Bars,4.5,$$,209,264 Newbury St,Boston,6172660707
Stephanie's On Newbury,American (Traditional),3.0,$$$,1563,190 Newbury St,Boston,6172360990
The Butcher Shop,Modern European,4.0,$$$,519,552 Tremont St,Boston,6174234800
Billy's Sub Shop,Diners,4.5,$,188,57 Berkeley St,Boston,6174261822
Cafe Polonia,Polish,4.5,$$,453,611 Dorchester Ave,South Boston,6172690110
State Street Provisions,American (New),4.0,$$,522,255 State St,Boston,6178638363
Eldo Cake House,Bakeries,4.0,$,288,36 Harrison Ave,Boston,6173507977
Gyro City,Greek,4.0,$,336,88 Peterborough St,Boston,6172664976
Del Frisco's Double Eagle Steakhouse,Seafood,3.5,$$$$,1083,250 Northern Ave,Boston,6179511368
Mela,Indian,3.5,$$,622,578 Tremont St,Boston,6178594805
Darryl's Corner Bar & Kitchen,Bars,3.5,$$,687,604 Columbus Ave,Boston,6175361100
Sullivan's Castle Island,Fast Food,4.0,$,348,2080 Day Blvd,Boston,6172685685
Biddy Early's,Dive Bars,4.5,$,262,141 Pearl St,Boston,6176549944
75 Chestnut,American (New),4.0,$$,489,75 Chestnut St,Boston,6172272175
Anchovies,Italian,4.0,$$,395,433 Columbus Ave,Boston,6172665088
Oppa Sushi,Sushi Bars,4.5,$$,302,185 Harvard Ave,Boston,6172023808
Red's Best Seafood at the Boston Public Market,Seafood,4.5,$$,189,100 Hanover St,Boston,6178301672
21st Amendment,Bars,4.0,$$,400,150 Bowdoin Sq,Boston,6172277100
Saloniki Greek,Greek,4.0,$$,458,4 Kilmarnock St,Boston,6172660001
Clear Flour Bakery,Bakeries,4.5,$$,615,178 Thorndike St,Brookline,6177390060
anoush'ella,Lebanese,4.0,$$,260,35 W Newton St,Boston,8572653195
Uburger,Burgers,4.0,$,442,636 Beacon St,Boston,6175360448
Prezza,Italian,4.0,$$$,338,24 Fleet St,Boston,6172271577
Scopa,Pizza,4.5,$$,249,319 Hanover St,Boston,8573172871
Wink & Nod,Cocktail Bars,4.0,$$$,450,3 Appleton St,Boston,6174820117
South End Buttery,Coffee & Tea,3.5,$$,888,314 Shawmut Ave,Boston,6174821015
Chickadee,American (New),4.5,,152,21 Drydock Ave,Boston,6175315591
Blackbird Doughnuts - South End,Bakeries,3.5,$$,527,492 Tremont St,Boston,6174829000
Flour Bakery + Café,Bakeries,4.5,$,151,30 Dalton St,Boston,8572332255
Gene's Chinese Flatbread Cafe,Chinese,4.0,$,404,86 Bedford St,Boston,6174821888
GrandTen Distilling,"Beer, Wine & Spirits",5.0,$$,103,383 Dorchester Ave,Boston,6172690497
Lucky's Lounge,Lounges,3.5,$$,627,355 Congress St,Boston,6173575825
Lolita Cocina & Tequila Bar Fort Point,Mexican,4.0,$$,533,253 Summer St,Boston,6173690931
New England Holocaust Memorial,Landmarks & Historical Buildings,4.5,,102,Congress St,Boston,6176354505
Love Art Sushi,Poke,4.0,$$,314,1 Haviland St,Boston,6179826953
The Bell In Hand,Lounges,3.5,$$,926,45 Union St,Boston,6172272098
Citizen Public House & Oyster Bar,Gastropubs,3.5,$$,650,1310 Boylston St,Boston,6174509000
Estragon,Tapas Bars,4.0,$$,477,700 Harrison Ave,Boston,6172660443
Barcelona Wine Bar,Tapas/Small Plates,4.5,$$$,1412,1700 Beacon St,Brookline,6172648900
Trattoria Il Panino,Italian,4.0,$$,452,280 Hanover St,Boston,6177201336
il Molo,Seafood,4.5,$$$,200,326 Commercial St,Boston,8572771895
Five Horses Tavern,Bars,4.0,$$,455,535 Columbus Ave,Boston,6179363930
Lulu's Allston,American (New),4.0,$$,497,421 Cambridge St,Boston,6177871117
Benevento's,Italian,4.0,$$,495,111 Salem St,Boston,6175234111
Archie's New York Deli,Delis,4.5,$,177,101 Arch St,Boston,6173305145
Amateras Ramen,Ramen,4.0,$$,251,112 South St,Boston,6179564068
Kala Thai Cookery,Thai,4.5,,160,151 Hanover St,Boston,8573504378
L.A. Burdick Handmade Chocolates,Chocolatiers & Shops,4.5,$$,1086,52 Brattle St,Cambridge,6174914340
Wahlburgers,American (Traditional),3.5,$$,893,132 Brookline Ave,Boston,6179276810
Cheers,American (Traditional),3.5,$$,967,84 Beacon St,Boston,6172279605
The Esplanade,Parks,4.5,,94,Storrow Dr,Boston,6177279547
Mei Mei Street Kitchen,Caterers,4.5,$,190,,Boston,8572504959
Sarma,Middle Eastern,4.5,$$$,898,249 Pearl St,Somerville,6177644464
Zinneken's Belgian Waffles - Harvard Square,Bakeries,4.0,$,514,1154 Massachusetts Ave,Cambridge,6178760836
Tradesman Coffee Shop & Lounge,Coffee & Tea,4.5,$$,152,58 Batterymarch St,Boston,6173481230
Old North Church & Historic Site,Landmarks & Historical Buildings,4.5,,118,193 Salem St,Boston,6175236676
Spyce,Salad,4.0,$,272,241 Washington St,Boston,
Haley House Bakery Café,Bakeries,4.5,$,223,12 Dade St,Roxbury,6174450900
Hokkaido Ramen Santouka - Harvard Square,Ramen,4.0,$$,1275,1 Bow St,Cambridge,6179451460
Arya Trattoria,Italian,4.0,$$$,252,253 Hanover St,Boston,6177421276
Inna's Kitchen - Boston Public Market,Delis,4.5,$,194,100 Hanover St,Boston,6178207070
Delux Café,Bars,4.0,$$,318,100 Chandler St,Boston,6173385258
Red Lantern,Asian Fusion,3.5,$$$,688,39 Stanhope St,Boston,6172623900
TreMonte Restaurant & Bar,Italian,4.5,$$,128,76 Salem St,Boston,6175301955
Seoul Soulongtang,Korean,3.5,$$,497,1245 Commonwealth Ave,Boston,6175056771
Brighton Bodega,Cocktail Bars,4.5,$$,184,328 Washington St,Boston,6172088698
Dali Restaurant & Tapas Bar,Spanish,4.0,$$,1061,415 Washington St,Somerville,6176613254
SOJUba,Korean,4.0,$$,315,1265 Boylston St,Boston,6174241260
La Summa,Italian,4.0,$$,338,30 Fleet St,Boston,6175239503
Roxy's Gourmet Grilled Cheese,Sandwiches,4.0,$,277,,Boston,6172025864
Jaho Coffee Roaster & Wine Bar,Wine Bars,4.0,$$,361,665 Washington St,Boston,8572334094
Gaga Seafood Restaurant,Seafood,4.0,$$,222,25-27 Tyler St,Boston,6173388770
Christopher Columbus Waterfront Park,Parks,4.5,,89,Atlantic Ave & Richmond St,Boston,6176354505
Holly Crab,Seafood,4.0,$$,385,1098 Commonwealth Ave,Boston,6174875957
Penguin Pizza,Pizza,3.5,$$,542,735 Huntington Ave,Boston,6172779200
Monument Restaurant & Tavern,Bars,4.5,$$,207,251 Main St,Boston,6173375191
J.P. Licks,Ice Cream & Frozen Yogurt,4.0,$,214,1106 Boylston St,Boston,8572335805
The Black Rose,American (Traditional),3.5,$$,703,160 State St,Boston,
Curio Coffee and Wine,Coffee & Tea,4.5,$,214,441 Cambridge St,Cambridge,8572423018
Corner Tavern,Bars,4.0,$$,258,421 Marlborough St,Boston,6172625555
Ganko Ittetsu Ramen,Ramen,4.5,$$,846,318 Harvard St,Brookline,6177308100
Tiger Mama,Thai,3.5,$$$,627,1363 Boylston St,Boston,6174256262
The Elephant Walk,Cambodian,4.0,$$,195,1415 Washington St,Boston,6172471500
The North End,Local Flavor,4.5,,107,,Boston,
BEERWORKS No. 1 Fenway,American (Traditional),3.5,$$,732,61 Brookline Ave,Boston,6175362337
Shabu & Mein,Hot Pot,4.0,$$,549,148 1st St,Cambridge,6175777888
Zaftigs Delicatessen - Brookline,Breakfast & Brunch,4.0,$$,1586,335 Harvard St,Brookline,6179750075
Pavement Coffeehouse,Coffee & Tea,3.5,$,427,1096 Boylston St,Boston,6172361500
Eventide - Fenway,Seafood,4.0,$$,340,1321 Boylston St,Boston,6175451060
Back Bay Social,American (New),3.5,$$,687,867 Boylston St,Boston,6172473200
Clay Pot Cafe,Cantonese,4.0,$,339,74 Kneeland St,Boston,6173575262
Russell House Tavern,American (New),4.0,$$,1973,14 Jfk St,Cambridge,6175003055
LimeRed Tea House,Coffee & Tea,4.5,$,200,1092 Commonwealth Ave,Boston,6173964541
Mario's Restaurant,Italian,4.5,$$,160,347 Chelsea St,Boston,6175678608
BONAPITA,Mediterranean,4.5,$,209,49 Franklin St,Boston,8573504606
Bully Boy Distillers,Distilleries,4.5,$$,128,44 Cedric St,Roxbury,6174426000
BenCotto,Italian,4.0,$$,309,361 Hanover St,Boston,6175230050
Lucca Restaurant & Bar,Italian,3.5,$$$,482,226 Hanover St,Boston,6177429200
Tawakal Halal Cafe,African,5.0,$$,102,389 Maverick St,Boston,6174185890
Hong Kong Eatery,Cantonese,3.5,$,586,79 Harrison Ave,Boston,6174230838
Café Susu by Suitsupply,Coffee & Tea,4.5,,80,240A Newbury St,Boston,6172497821
Publico Street Bistro & Garden,American (New),4.5,$$,194,11 Dorchester St,Boston,6176225700
"Pastoral - Artisan Pizza, Kitchen & Bar",Pizza,3.5,$$,453,345 Congress St,Boston,6173450005
Rabia's,Italian,3.5,$$,642,73 Salem St,Boston,6172276637
Lucia Ristorante,Italian,3.5,$$,544,415 Hanover St,Boston,6173672353
South Street Diner,Diners,3.5,$$,773,178 Kneeland St,Boston,6173500028
Morton's The Steakhouse,Steakhouses,4.0,$$$$,364,2 Seaport Ln,Boston,6175260410
Boston Kitchen Pizza,Pizza,4.0,$,243,1 Stuart St,Boston,6174820085
Tatte Bakery & Cafe,Bakeries,4.0,$$,563,318 Third St,Cambridge,6173544200
Little Donkey,Tapas/Small Plates,4.0,$$,797,505 Massachusetts Ave,Cambridge,6179451008
Nud Pob Thai Cuisine,Thai,4.0,$,355,738 Commonwealth Ave,Boston,6172329992
Blaze Pizza,Salad,4.0,$,250,1282 Boylston St,Boston,6174205200
Al's South Street Cafe,Sandwiches,4.0,$,208,179 Essex St,Boston,6173301002
Tresca,Italian,4.0,$$$,378,233 Hanover St,Boston,6177428240
Select Oyster Bar,Seafood,4.0,$$$,367,50 Gloucester St,Boston,8572398064
Parla,Italian,4.0,$$,343,230 Hanover St,Boston,6173672824
Dumpling Cafe,Taiwanese,3.0,$$,846,695 Washington St,Boston,6173388858
Cafe Landwer,Cafes,4.0,$$,262,900 Beacon St,Boston,8577534035
City of Boston,Local Flavor,4.0,,147,,Boston,
Rinas Pizzeria & Cafe,Italian,4.5,$,196,371 Hanover St,Boston,6174565700
Florina Pizzeria & Paninoteca,Pizza,4.5,$$,111,16 Derne St,Boston,6179364494
Chilacates Mexican Street Food,Mexican,4.5,$$,515,224 Amory St,Jamaica Plain,6175226000
The Green Dragon Tavern,Pubs,3.5,$$,507,11 Marshall St,Boston,6173670055
Thornton's,Breakfast & Brunch,3.5,$$,530,150 Huntington Ave,Boston,6172676336
Muqueca Restaurant,Latin American,4.0,$$,638,1008 Cambridge St,Cambridge,6173543296
Genki Ya - Boston,Sushi Bars,3.5,$$,496,232 Tremont St,Boston,6173388686
Domenic's,Italian,4.5,$$,160,54 Salem St,Boston,6179826142
The Druid,Irish Pub,4.5,$$,563,1357 Cambridge St,Cambridge,6174970965
Cafe 26,Coffee & Tea,4.0,$,250,26 Temple Pl,Boston,6172922626
Japonaise Bakery and Cafe,Bakeries,4.0,$,460,1020 Beacon St,Brookline,6175667730
The Neighborhood Restaurant & Bakery,Bakeries,4.0,$$,789,25 Bow St,Somerville,6176239710
Gyu-Kaku Japanese BBQ,Japanese,4.0,$$,796,1002 Beacon St,Brookline,6172646190
UNI,Sushi Bars,3.5,$$$$,455,370 Commonwealth Ave,Boston,6175367200
Fin's Sushi and Grill,Sushi Bars,4.0,$$,370,636 Beacon St,Boston,6172678888
Maria's Taqueria,Mexican,4.0,$,301,226 Tremont St,Boston,6173577399
Monica's Trattoria,Italian,3.5,$$$,512,67 Prince St,Boston,6177205472
Legal Sea Foods,Seafood,3.5,$$$,376,558 Washington St,Boston,6176928888
Petit Robert Bistro,French,3.5,$$,428,480 Columbus Ave,Boston,6178670600
Great Taste Bakery & Restaurant,Bakeries,3.5,$,395,63 Beach St,Boston,6174268899
Trade,Mediterranean,3.5,$$$,547,540 Atlantic Ave,Boston,6174511234
Egg Puffs,Desserts,4.0,$,182,42 Beach St,Boston,
Christina's Homemade Ice Cream,Ice Cream & Frozen Yogurt,4.0,$,759,1255 Cambridge St,Cambridge,6174927021
Legal Sea Foods,Seafood,3.5,$$,457,1 Harborside Dr,Boston,6175682811
Lucca Back Bay,Italian,4.0,$$$,343,116 Huntington Ave,Boston,6172472400
wagamama - faneuil hall,Asian Fusion,3.5,$$,714,1 S Market St,Boston,6177429242
Alden & Harlow,American (Traditional),4.0,$$$,1282,40 Brattle St,Cambridge,6178642100
Sweet Tooth,Bakeries,4.0,$$,242,371 W Broadway,Boston,6172682555
Figaro's,Delis,4.5,$,152,105 Beach St,Boston,6174262121
The Avenue,American (Traditional),4.0,$,377,1249 Commonwealth Ave,Boston,6179033110
BerryLine,Ice Cream & Frozen Yogurt,4.5,$,603,3 Arrow St,Cambridge,6178683500
Hopewell Bar & Kitchen,Bars,4.0,$$,237,1277 Commonwealth Ave,Boston,6172088925
Woody's Grill and Tap,Bars,4.0,$$,287,58 Hemenway St,Boston,6173759663
Ristorante Saraceno,Italian,3.5,$$,486,286 Hanover St,Boston,6172275888
Zen Japanese Grill & Sushi Bar,Japanese,4.0,$$,308,21A Beacon St,Boston,6173711230
Asta,American (New),4.0,$$$$,186,47 Massachusetts Ave,Boston,6175859575
Harvard Gardens,Bars,3.5,$$,444,316 Cambridge St,Boston,6175232727
Coco Leaf on Newbury,Bubble Tea,4.5,$$,104,303 Newbury St,Boston,8579911719
Legal Sea Foods,Seafood,3.5,$$$,566,100 Huntington Ave,Boston,6172667775
Mi Pueblito Restaurant,Mexican,4.5,$$,185,333 Border St,Boston,6175693787
Charlie's Sandwich Shoppe,Sandwiches,4.0,$$,309,429 Columbus Ave,Boston,6175367669
Tatte Bakery & Cafe,Bakeries,4.0,$$,541,1003 Beacon St,Brookline,6172322200
Bricco Salumeria and Pasta Shoppe,Grocery,4.5,$$,106,11 Board Alley,Boston,6172489629
Pellino's Ristorante,Italian,4.0,$$,328,2 Prince St,Boston,6172277300
Falafel King,Middle Eastern,4.0,$,236,260 Washington St,Boston,6172276400
Double Chin,Asian Fusion,3.5,$$,501,86 Harrison Ave,Boston,6174820682
Basho Japanese Brasserie,Japanese,3.5,$$,531,1338 Boylston St,Boston,6172621338
The Similans,Thai,4.0,$$,528,145 1st St,Cambridge,6174916999
George Howell Coffee,Coffee & Tea,4.0,$$,195,505 Washington St,Boston,8579570217
Vejigantes,Puerto Rican,3.5,$$,470,57 W Dedham St,Boston,6172479249
Ristorante Euno,Italian,4.0,$$$,276,119 Salem St,Boston,6175739406
Happy Lamb Hot Pot,Hot Pot,4.0,$$,193,693 Washington St,Boston,8572771000
Strega Italiano - Seaport,Italian,3.5,$$$,580,One Marina Park Dr,Boston,6173453992
Castle Island Beach,Beaches,4.5,,133,2010 William J Day Blvd,Boston,
Worden Hall,American (New),4.0,$$,347,22 W Broadway,Boston,6177524206
Fugakyu Japanese Cuisine,Sushi Bars,4.0,$$,1226,1280 Beacon St,Brookline,6177341268
Hot Pot Buffet,Chinese,3.5,$$,584,70 Beach St,Boston,6173380808
Blue Dragon,Asian Fusion,3.5,$$,535,324 A St,Boston,6173388585
Legal Sea Foods,Seafood,3.5,,367,1 Harborside Dr,Boston,6175682800
Audubon Boston,American (Traditional),4.0,$$,192,838 Beacon St,Boston,6174211910
The Florentine Cafe,Italian,3.5,$$,503,333 Hanover St,Boston,6172271777
North Square Oyster,Seafood,4.0,$$$,195,5 N Sq,Boston,6178294975
Banyan Bar + Refuge,Asian Fusion,3.5,$$,358,553 Tremont St,Boston,6175564211
USS Constitution Museum,Museums,4.5,,289,,Charlestown,6174261812
Thai Basil Restaurant,Thai,3.5,$$,469,132 Newbury St,Boston,6175780089
The Institute of Contemporary Art/Boston,Art Museums,3.5,,392,25 Harbor Shore Dr,Boston,6174783100
Raising Cane's Chicken Fingers,Fast Food,4.0,$,300,949 Commonwealth Ave,Boston,6173585932
Casa Romero,Mexican,3.5,$$,535,30 Gloucester St,Boston,6175364341
Granary Tavern,American (New),3.5,$$,631,170 Milk St,Boston,6174497110
Carlo's Cucina Italiana,Italian,4.5,$$,698,131 Brighton Ave,Allston,6172549759
Pita Thyme,Lebanese,4.5,$,133,102 Water St,Boston,6177427482
The Corner Pub,Dive Bars,4.5,$,133,162 Lincoln St,Boston,6175427080
Ristorante Fiore,Italian,3.5,$$$,629,250 Hanover St,Boston,6173711176
Crave Chinatown ,Korean,3.0,$$,619,75 Kneeland St,Boston,6173380188
Amrheins,American (New),3.5,$$,436,80 W Broadway,Boston,6172686189
Parziale's Bakery,Bakeries,4.5,$,105,80 Prince St,Boston,6175236368
163 Vietnamese Sandwiches & Bubble Tea,Vietnamese,3.5,$,335,66 Harrison Ave,Boston,6175427903
City Bar,American (New),4.0,$$$,267,65 Exeter St,Boston,6179334800
Bricco Panetteria,Bakeries,4.5,$,118,11 Board Alley,Boston,6172489859
Roy's Cold Cuts,Delis,4.5,$,98,198 Marion St,Boston,6175679760
Boston Kebab House,Turkish,4.0,$,215,7 Liberty Sq,Boston,6172276900
Strega Italiano - Back Bay,American (Traditional),3.5,$$$$,322,64 Arlington St,Boston,6174565300
Zo Greek,Greek,4.5,$,117,92 State St,Boston,
East Side Bar & Grille,Italian,4.5,$$,361,561 Cambridge St,Cambridge,6176613278
Ball Square Cafe,Breakfast & Brunch,4.5,$$,1082,708 Broadway,Somerville,6176232233
haley.henry wine bar,Wine Bars,4.5,$$$,141,45 Province St,Boston,6172086000
Yume Ga Arukara,Japanese,4.5,$$,441,1815 Massachusetts Ave,Cambridge,
Quattro,Pizza,3.5,$$,417,264 Hanover St,Boston,6177200444
Brownstone,Bars,3.5,$$,377,111 Dartmouth St,Boston,6178674142
Harry's Cheese and Cold Cuts,Delis,5.0,$,57,98 Blackstone St,Boston,9782704558
Fox And The Knife,Wine Bars,4.0,$$$,193,28 W Broadway,Boston,6177668630
Bacco,Italian,3.5,$$,347,107 Salem St,Boston,6176240454
Stanza Dei Sigari,Lounges,4.0,$$,301,292 Hanover St,Boston,6172270295
The Smoke Shop BBQ - Seaport,Southern,4.0,$$,254,343 Congress St,Boston,6172617427
backbar,Cocktail Bars,4.5,$$,382,7 Sanborn Ct,Somerville,6177180249
3 Little Figs,Coffee & Tea,4.5,$$,619,278 Highland Ave,Somerville,6176233447
Cafe Sushi,Sushi Bars,4.0,$$,742,1105 Massachusetts Ave,Cambridge,6174920434
Area Four - Boston,Bars,4.0,$$,207,264 E Berkeley St,Boston,8573174805
Courtyard Tea Room,Tea Rooms,4.0,$$$,156,700 Boylston St,Boston,6178592251
Evergreen Eatery,Breakfast & Brunch,4.5,$$,103,154 Green St,Boston,6174779573
New Jumbo Seafood Restaurant,Seafood,3.5,$$,337,5 Hudson St,Boston,6175422823
Bon Me,Vietnamese,3.5,$$,318,,Boston,6179899980
The Tam,Dive Bars,3.5,$,353,222 Tremont St,Boston,
Royaltea - Boston,Bubble Tea,4.0,,194,23B Tyler St,Boston,7814009047
Paradise Rock Club,Bars,3.5,$$,370,967 Commonwealth Ave,Boston,6175628800
JJ Foleys Cafe,Irish Pub,4.0,$$,214,117 E Berkeley St,Boston,6177289101
The Smoke Shop BBQ - Kendall Square,Southern,4.0,$$,595,1 Kendall Sq,Cambridge,6175777427
Smith & Wollensky,Steakhouses,3.5,$$$$,398,294 Congress St,Boston,6177782200
Carrie Nation Cocktail Club,American (Traditional),3.5,$$,344,11 Beacon St,Boston,6172273100
Thaitation,Thai,4.0,$$,320,129 Jersey St,Boston,6175859909
Tony & Elaine’s,Italian,4.5,$$,147,111 N Washington St,Boston,6175800321
The Well Coffee House,Coffee & Tea,4.5,$,71,2 S Station,Boston,8572562173
Union Park Pizza,Pizza,4.5,$,94,1405 Washington St,Boston,6178551100
New Saigon,Vietnamese,4.5,$,167,985 Bennington St,Boston,6175616500
Pita,Mediterranean,4.0,$,242,473 Albany St,Boston,6175562600
Dave's Fresh Pasta,Sandwiches,4.5,$$,794,81 Holland St,Somerville,6176230867
Emmet's Irish Pub & Restaurant,Pubs,4.0,$$,301,6 Beacon St,Boston,6177428565
Farmer Horse Coffee,Coffee & Tea,4.0,$,228,374 Massachusetts Ave,Boston,6179827183
Genki Ya - Brookline,Sushi Bars,4.0,$$,740,398 Harvard St,Brookline,6172773100
wagamama - prudential,Asian Fusion,3.5,$$,618,800 Boylston St,Boston,6177782344
Brookline Lunch,Diners,4.0,$,496,9 Brookline St,Cambridge,6173542983
Zia Gianna,Coffee & Tea,5.0,$$,74,1735-1741 Dorchester Ave,Boston,6174362368
Bastille Kitchen,Bars,4.0,$$$,284,49 Melcher St,Boston,6175568000
The Haven,Gastropubs,4.5,$$,527,2 Perkins St,Jamaica Plain,6175242836
Tatte Bakery & Cafe,Bakeries,4.0,$$,140,1352 Boylston St,Boston,6173661800
Tasty Pot,Hot Pot,4.0,$$,212,194 Harvard Ave,Boston,6172088833
Green Street,Bars,4.0,$$,695,280 Green St,Cambridge,6178761655
El Centro,Mexican,3.5,$$,362,472 Shawmut Ave,Boston,6172625708
Ali Baba,Turkish,4.0,$$,209,145 E Berkeley St,Boston,6174820654
The Warren Tavern,Bars,4.0,$$,482,2 Pleasant St,Charlestown,6172418142
Crudo,Japanese,4.0,$$$,275,78 Salem St,Boston,6173676500
Caffébene,Coffee & Tea,4.0,$,245,333 Massachusetts Ave,Boston,6179826688
Strega,Italian,3.5,$$$,537,379 Hanover St,Boston,6175238481
Teresa's Market,Mexican,4.5,$,92,571 Washington St,Boston,6172025074
Montien Thai Restaurant,Thai,3.5,$$,453,63 Stuart St,Boston,6173385600
Happy Lemon Boston,Coffee & Tea,4.0,$,160,417 Washington St,Boston,8573174715
Punjabi Dhaba,Indian,4.0,$,939,225 Hampshire St,Cambridge,6175478272
La Colombe Coffee,Coffee & Tea,4.5,$,97,745 Atlantic Ave,Boston,8573175340
Pete's Dockside,American (Traditional),4.5,$,117,12 Channel St,Boston,6174231110
Vinoteca di Monica,Italian,3.5,$$,415,143 Richmond St,Boston,6172270311
Sunset Cantina,Mexican,3.5,$$,632,916 Commonwealth Ave,Boston,6177318646
CAVA,Mediterranean,4.5,$$,132,1346 Boylston St,Boston,6172868872
Symphony Sushi,Japanese,3.5,$$,361,45 Gainsborough St,Boston,6172623888
Yard House,Bars,3.5,$$,816,126 Brookline Ave,Boston-Fenway,6172364083
Local 149,Bars,3.5,$$,432,149 P St,Boston,6172690900
Stillwater,Cocktail Bars,4.5,$$,103,120 Kingston St,Boston,6179363079
Caffe Paradiso,Desserts,4.0,$$,245,255 Hanover St,Boston,6177421768
Krasi,Mediterranean,4.5,,97,48 Gloucester St,Boston,6175360230
The Paris Creperie,Creperies,4.0,$$,839,278 Harvard St,Brookline,6172321770
Peach Farm,Chinese,3.0,$$,545,4 Tyler St,Boston,6174821116
El Peñol,Colombian,4.5,$$,126,54 Bennington St,Boston,6175690100
Cask'n Flagon,Sports Bars,3.5,$$,608,62 Brookline Ave,Boston,6175364840
Sweet Waffles + Boba,Bubble Tea,4.0,$,139,18 Hudson St,Boston,
Phinista,Creperies,5.0,,63,96 Peterborough St,Boston,6172627700
FoMu,Ice Cream & Frozen Yogurt,4.5,$,490,481 Cambridge St,Allston,6179033276
Shake Shack,Burgers,3.5,$$,401,234-236 Newbury St,Boston,6179335050
Thai Dish,Thai,4.5,$$,118,270 Babcock St,Boston,6177895999
Ho Yuen Bakery,Bakeries,4.0,$,164,54 Beach St,Boston,6174268320
Home.Stead Bakery & Cafe,Coffee & Tea,4.5,$,118,1448 Dorchester Ave,Boston,6175337585
Oakleaf Cakes,Bakeries,4.0,$$,223,12 Westland Ave,Boston,6172991504
Atwood's Tavern,Burgers,4.0,$$,386,877 Cambridge St,Cambridge,6178642792
The Cheesecake Factory - Boston,American (Traditional),3.0,$$,708,115 Huntington Ave,Boston,6173997777
New Sushi,Sushi Bars,4.0,$$,145,106 Cambridge St,Boston,8572770981
Dolce Vita Ristorante,Italian,3.5,$$$,431,221 Hanover St,Boston,6177200422
Chinatown Cafe,Chinese,4.0,$,191,262 Harrison Ave,Boston,6176959888
Pinocchios Pizza & Subs,Pizza,4.0,$,718,74 Winthrop St,Cambridge,6178764897
J Pace & Son,Grocery,4.0,$,155,1 Park Ln,Boston,8573664640
The Lawn On D,Venues & Event Spaces,4.0,,150,420 D St,Boston,8773933393
Mana Escondido Café,Spanish,4.5,$,91,68 Aguadilla St,Boston,6172660900
Fish Market Sushi Bar,Sushi Bars,4.0,$$,583,170 Brighton Ave,Allston,6177831268
Cambridge Brewing Company,Gastropubs,3.5,$$,792,1 Kendall Sq,Cambridge,6174941994
Hing Shing Pastry,Bakeries,4.0,$,136,67 Beach St,Boston,6174511162
Norman B Leventhal Park,Parks,5.0,,41,50 Federal St,Boston,6174231500
Anthony's Cafe,Italian,4.0,$,175,252 Commercial St,Boston,6177422987
Clover Food Lab,Sandwiches,4.5,$,114,360 Longwood Ave,Boston,
Mare,Seafood,3.5,$$$,301,223 Hanover St,Boston,6177236273
Sabroso Taqueria,Mexican,4.5,$,106,2 Oliver St,Boston,8579911015
Trina's Starlite Lounge,Lounges,4.0,$$,481,3 Beacon St,Somerville,6175760006
May's Cake House,Bakeries,4.5,$,94,223 Harrison Ave,Boston,6173500210
Rustico,Salad,4.0,$,163,85 Canal St,Boston,
All Star Sandwich Bar,Sandwiches,4.0,$$,667,1245 Cambridge St,Cambridge,6178683065
Southern Kin Cookhouse,Southern,4.0,$$,1130,500 Assembly Row,Somerville,6177645966
J.P. Licks,Ice Cream & Frozen Yogurt,4.0,$,208,150 Charles St,Boston,8572332771
Doughboy Donuts & Deli,Donuts,4.0,$,175,220 Dorchester Ave,Boston,6172698741
Coppersmith,American (New),3.5,$$,523,40 West 3rd St,Boston,6176583452
Banh Mi Ba Le,Vietnamese,4.0,$,421,1052 Dorchester Ave,Dorchester,6172657171
Rondo's Sub Shop,Sandwiches,4.5,$,110,134 W Broadway,Boston,6172690274
King and I,Thai,3.5,$$,339,145 Charles St,Boston,6172273320
Moon Flower House,Burgers,4.5,$$,121,110 Brighton Ave,Boston,6172541122
The Mission Bar & Grill,Bars,3.5,$$,337,724 Huntington Ave,Boston,6175661244
Solas Irish Pub,Pubs,3.5,$$,376,710 Boylston St,Boston,6179334803
Rosa Mexicano,Mexican,3.0,$$,703,155 Seaport Blvd,Boston,6174766122
Berkeley Perk Cafe,Sandwiches,4.0,$,155,69 Berkeley St,Boston,6174267375
Chart House,Seafood,3.0,$$$,699,60 Long Wharf,Boston,6172271576
Stoked Wood Fired Pizza,Food Trucks,4.5,$,72,,Boston,6178790707
Thornton's Fenway Grille,American (Traditional),3.5,$$,294,100 Peterborough St,Boston,6174210104
Taco Loco Mexican Grill,Mexican,4.5,$,486,46 Broadway,Somerville,6176253830
China Pearl Restaurant,Dim Sum,3.0,$$,572,9 Tyler St,Boston,6174264338
Seoul - Boston,Korean,3.5,$$,289,156 Cambridge St,Boston,6179736680
Charles River Bike Paths,Parks,4.5,,77,Storrow And Memorial Dr,Boston,
City Table,Bars,3.5,$$,294,65 Exeter St,Boston,6179334800
sweetgreen,Salad,4.0,$$,152,372 Congress St,Boston,8572637916
The Mad Monkfish,Sushi Bars,3.5,$$,806,524 Massachusetts Ave,Cambridge,6174412116
BONAPITA,Mediterranean,4.5,,98,75 Spring St,Boston,9782244029
Toasted Flats,Sandwiches,4.5,$,74,53 Chelsea St,Boston,8572648531
Coreanos Allston,Korean,4.5,$$,481,172 Brighton Ave,Allston,6172088822
Hojoko Boston,Japanese,3.5,$$,403,1271 Boylston St,Boston,6176700507
Barracuda Tavern,Bars,3.5,$$,287,15 Bosworth St,Boston,6174820301
Anthem Kitchen & Bar,American (New),3.5,$$,498,101 S Market St,Boston,6177205570
Saigon Hut,Vietnamese,4.0,$,171,305 Meridian St,Boston,6175671944
Porters Bar & Grill,American (Traditional),4.0,$$,249,173 Portland St,Boston,6177427678
Chilacates Mexican Street Food,Mexican,4.5,$,139,658 Centre St,Boston,6175224500
Burro Bar South End,Mexican,4.0,$$,145,1357 Washington St,Boston,6174269300
Mamaleh's Delicatessen,Delis,4.0,$$,452,15 Hampshire St,Cambridge,6179583354
Beantown Pub,Pubs,3.0,$$,636,100 Tremont St,Boston,6174260111
Caffè Nero,Cafes,4.0,$,124,368 Congress St,Boston,8572335385
Gather,American (New),3.5,$$,397,75 Northern Ave,Boston,6179827220
Temazcal Tequila Cantina,Mexican,3.0,$$,835,250 Northern Ave,Boston,6174393502
Oath Pizza - South Station,Pizza,4.0,$,127,700 Atlantic Ave,Boston,8573056222
La Colombe Coffee,Coffee & Tea,4.5,$$,52,29 Northern Ave,Boston,6175311940
Manoa Poke Shop,Poke,4.5,$$,348,300 Beacon St,Somerville,6179451042
Wai Wai Restaurant,Chinese,3.5,$,249,26 Oxford St,Boston,6173389833
Tres Gatos,Tapas Bars,4.0,$$$,498,470 Centre St,Jamaica Plain,6174774851
Victoria's Diner,Diners,3.5,$$,450,1024 Massachusetts Ave,Boston,6174425965
Dok Bua Thai Kitchen,Thai,4.0,$$,705,411 Harvard St,Brookline,6172322955
FiRE + iCE  Grill + Bar,American (Traditional),3.0,$$,746,205 Berkeley St,Boston,6174823473
OliToki,Korean,4.0,$,161,76 Brighton Ave,Boston,6172025038
Bunker Hill Monument,Landmarks & Historical Buildings,4.5,,191,43 Monument Sq,Charlestown,6172425641
The Merchant,American (New),3.5,$$,348,60 Franklin St,Boston,6174826060
The Publick House,Pubs,4.0,$$,1193,1648 Beacon St,Brookline,6172772880
Punjab Palace,Indian,4.0,$$,792,109 Brighton Ave,Allston,6172541500
Faneuil Hall,Landmarks & Historical Buildings,4.0,,107,0 Faneuil Hall Sq,Boston,6175231300
Mala Restaurant,Barbeque,3.5,$$,264,129 Brighton Ave,Boston,6172541839
Boloco,Mexican,4.0,$,220,176 Boylston St,Boston,6177786772
Sip Cafe,Cafes,4.0,$,168,0 Post Office Sq,Boston,6173383080
Artu,Italian,3.5,$$,387,6 Prince St,Boston,6177424336
Sakana,Sushi Bars,4.5,$$,200,983 Massachusetts Ave,Cambridge,6177144646
B.GOOD,Burgers,3.5,$,328,131 Dartmouth St,Boston,6174245252
Solid Ground Cafe,Coffee & Tea,5.0,,60,742 Huntington Ave,Boston,
Sunny Cafe,Sushi Bars,4.5,$,87,1000 Bennington St,Boston,8572562188
Emack & Bolio's,Ice Cream & Frozen Yogurt,3.5,$$,247,290 Newbury St,Boston,6175367127
Cuppacoffee,Coffee & Tea,4.5,$,108,1 Merrimac St,Boston,6172480011
Bristol Restaurant & Bar,American (New),3.5,$$$,283,200 Boylston St,Boston,8573055620
Doña Habana,Cuban,3.5,$$,326,811 Massachusetts Ave,Boston,6177080796
Shun's Kitchen,Japanese,4.0,$$,133,520 Columbus Ave,Boston,6174219588
Himalayan Kitchen,Indian,4.5,$$,213,40 Bow St,Somerville,6176239068
Ethiopian Cafe,Ethiopian,4.5,,58,377 Centre St,Boston,6173196982
Puritan & Company,American (New),4.0,$$$,472,1166 Cambridge St,Cambridge,6176156195
C Fruit Life,Desserts,4.0,$$,172,171 Brighton Ave,Boston,6172025799
Chicken and Rice Guys,Halal,4.0,$,154,280 Washington St,Boston,6174230490
Empire Asian Restaurant & Lounge,Lounges,3.0,$$$,544,1 Marina Park Dr,Boston,6172950001
Garlic 'n Lemons,Middle Eastern,4.0,$,608,133 Harvard Ave,Allston,6177838100
The Coast Cafe,Soul Food,4.0,$$,373,233 River St,Cambridge,6173547644
Bella Vista,Italian,3.5,$$,304,288 Hanover St,Boston,6173674999
Bottega di Capri,Italian,4.5,$$,335,41 Harvard St,Brookline,6177385333
Newbury Street,Landmarks & Historical Buildings,4.5,,91,10 Newbury St,Boston,
Beacon Hill Hotel & Bistro,American (New),3.5,$$,341,25 Charles St,Boston,6177237575
Giulia,Italian,4.5,$$$,460,1682 Massachusetts Ave,Cambridge,6174412800
Massimino's,Italian,3.5,$$,382,207 Endicott St,Boston,6175235959
Clover Food Lab,Sandwiches,4.0,$$,289,5 Cambridge Ctr,Cambridge,
EVOO Restaurant,American (New),3.5,$$$,420,350 3rd St,Cambridge,6176613866
Mariel,Cuban,4.0,,194,10 Post Office Square,Boston,6173338776
The Lansdowne Pub,Pubs,3.5,$$,370,9 Lansdowne St,Boston,6172471222
Honeycomb Cafe,Coffee & Tea,4.5,$,74,107-109 Savin Hill Ave,Boston,6172825400
American Provisions,Cheese Shops,4.5,$$$,161,613 E Broadway,South Boston,6172696100
Jim's Deli,Delis,4.5,$,619,371 Washington St,Brighton,6177872626
Liuyishou Hotpot,Chinese,4.0,$$$,204,702 Washington St,Boston,8572332971
Tavern In The Square,Sports Bars,3.5,$$,271,120 Beverly St,Boston,6172630404
Tatte Bakery & Cafe,Coffee & Tea,4.5,$$,90,200 Pier Four Blvd,Boston,6177657600
Tiki Rock,Tiki Bars,3.5,$$,386,2 Broad St,Boston,6176702222
Cutty's,Coffee & Tea,4.0,$,421,284 Washington St,Brookline,6175051844
Back Bay Sandwich,Sandwiches,4.0,$,140,31 St James Ave,Boston,6174511561
Sip Wine Bar And Kitchen,Wine Bars,3.5,$$,337,581 Washington St,Boston,6179560888
Kings Dining & Entertainment,Bowling,3.0,$$,514,50 Dalton St,Boston,6172662695
Tatte Bakery & Cafe,Breakfast & Brunch,4.0,$$,108,125 Summer St,Boston,6174889525
Stir,American (New),4.5,$$$$,43,102 Waltham St,Boston,6174237847
The Christian Science Plaza,Churches,4.5,,80,210 Massachusetts Ave,Boston,6174507330
Pammy's,Italian,4.5,$$$,283,928 Massachusetts Ave,Cambridge,6179451761
Rangzen Tibetan Place,Himalayan/Nepalese,4.0,$$,399,24 Pearl St,Cambridge,6173548881
Bar Lyon,Bars,4.5,,88,1750 Washington St,Boston,6179044020
The Quiet Few,"Beer, Wine & Spirits",5.0,,46,331 Sumner St,Boston,6175611061
Lone Star Taco Bar,Tacos,4.0,$$,333,635 Cambridge St,Cambridge,8572856179
Clover Food Lab,American (New),4.0,$$,833,1326 Massachusetts Ave,Cambridge,
Mr. Bartley's Gourmet Burgers,Burgers,3.5,$$,1252,1246 Massachusetts Ave,Cambridge,6173546559
Durty Nelly’s,Bars,3.5,$,228,108 Blackstone St,Boston,6177422090
Frenchie Wine Bistro,Wine Bars,4.0,$$$,212,560 Tremont St,Boston,8572335941
Machu Chicken,Peruvian,4.5,$$,303,25 Union Sq,Somerville,6176237972
Viva Burrito,Mexican,3.5,$,285,66 Staniford St,Boston,6175236390
Ducali Pizzeria & Bar,Pizza,3.5,$$,284,289 Causeway St,Boston,6177424144
Underdog Hot Chicken,Chicken Wings,4.5,,78,160 Brighton Ave,Boston,6172088133
OAK Long Bar + Kitchen,Bars,3.5,$$$,335,138 St. James Ave,Boston,6175857222
Sol Azteca,Mexican,3.5,$$,370,914 Beacon St,Boston,6172620909
Kung Fu Tea,Bubble Tea,4.0,$,215,334 Massachusetts Ave,Boston,6179363608
Brato Brewhouse and Kitchen,Breweries,4.5,$$,71,190 N Beacon St,Boston,6179033766
Mei Sum,Bakeries,4.0,$,149,36 Beach St,Boston,6173574050
Loyal Nine,American (Traditional),4.0,$$,436,660 Cambridge St,Cambridge,6179452576
Antonio's Cucina Italiana,Italian,3.5,$$,305,288 Cambridge St,Boston,6173673310
Ariana Restaurant,Afghan,4.5,$$,422,384 Western Ave,Brighton,6172088072
Ten Tables,American (New),4.0,$$$,650,597 Centre St,Jamaica Plain,6175248810
Upper Crust Pizzeria,Pizza,3.5,$,407,20 Charles St,Boston,6177239600
Yamato II,Japanese,3.0,$$,427,545 Boylston St,Boston,8572504473
T Anthony's Restaurant,Pizza,3.5,$,283,1016 Commonwealth Ave,Boston,6177347708
Bagelsaurus,Bagels,4.0,$$,644,1796 Massachusetts Ave,Cambridge,8572856103
Purple Shell,Sushi Bars,4.5,$$$,74,11 W Broadway,Boston,6179899982
Basta Pasta Trattoria,Italian,4.0,$$,454,319 Western Ave,Cambridge,6175766672
Parker's Restaurant,American (New),3.5,$$,276,60 School St,Boston,6177251600
Mooncusser,Seafood,4.0,$$$,94,304 Stuart St,Boston,6179175193
BEERWORKS No. 3 Canal,American (Traditional),3.0,$$,484,112 Canal St,Boston,6178962337
Porto,Seafood,3.5,$$$,249,Ring Rd,Boston,6175361234
Terra at Eataly Boston,Italian,3.5,$$,304,800 Boylston St,Boston,6178077307
Aceituna Grill,Middle Eastern,4.0,$$,331,605 W Kendall St,Cambridge,6172520707
Mastro's Ocean Club,Steakhouses,4.0,$$$$,211,25 Fan Pier Blvd,Boston,6175301925
Pho Le Vietnamese Cuisine,Vietnamese,3.5,$$,251,1356 Dorchester Ave,Boston,6175066294
Pavement Coffeehouse,Coffee & Tea,3.5,$$,263,44 Gainsborough St,Boston,6178597080
Seiyo,Sushi Bars,3.5,$$,232,1721 Washington St,Boston,6174472183
Cafe de Boston - Eatery & Catering,American (Traditional),4.0,$,168,75 Federal St,Boston,6174821006
Ebi Sushi Bar,Sushi Bars,4.0,$$,399,290 Somerville Ave,Somerville,6177645556
Revolution Health Kitchen,Juice Bars & Smoothies,4.0,$$,98,150 Huntington Ave,Boston,8572334313
Andala Coffee House,Middle Eastern,4.0,$$,591,286 Franklin St,Cambridge,6179452212
Petsi Pies,Bakeries,4.5,$$,386,285 Beacon St,Somerville,6176617437
Abide,Bubble Tea,4.5,$,159,317 Massachusetts Ave,Cambridge,5103669943
Cafe Mami,Japanese Curry,4.0,$,521,1815 Massachusetts Ave,Cambridge,6175479130
Stoked Wood Fired Pizza,Pizza,4.5,$$,349,1632 Beacon St,Brookline,6178790707
Casarecce,Italian,4.5,$$,104,285 Hanover St,Boston,6172483839
The Charles River,Active Life,4.5,,46,Storrow Dr,Boston,
Tsurutontan Udon Noodle Brasserie - Boston,Japanese,4.0,$$$,182,512 Commonwealth Ave,Boston,8572332839
The Paramount,Breakfast & Brunch,3.5,$$,259,667 E Broadway,Boston,6172699999
Fuji at Assembly,Sushi Bars,4.0,$$,537,320 Canal St,Somerville,6176288883
Legal Sea Foods,Seafood,3.5,,335,1 Harborside Dr,Boston,6175681888
Good Life,Lounges,3.5,$$,358,28 Kingston St,Boston,6174512622
Tuscan Kitchen - Seaport,Italian,3.5,$$$,252,64 Seaport Blvd,Boston,6173037300
Tahaza Hummus Kitchen,Mediterranean,4.0,$,189,1 Canal Park,Cambridge,8572596960
El Oriental De Cuba,Cuban,4.0,$$,486,416 Centre St,Jamaica Plain,6175246464
Cornwall's,Pubs,3.5,$$,220,644 Beacon St,Boston,6172623749
Crush Pizza,Pizza,3.5,$$,229,107 State St,Boston,8573504222
Mae Asian Eatery,Thai,4.5,$$,179,781 Main St,Cambridge,6173543388
Blaze Pizza,Salad,4.0,$,180,123 Stuart St,Boston,6172979586
The Coffee Trike,Coffee & Tea,5.0,$$,35,,Boston,9789186525
FAB,American (New),4.0,$$$,558,118 Beacon St,Somerville,6176165480
JMP Fine Indian Cuisine,Indian,4.0,$,160,1095 Commonwealth Ave,Boston,6177879700
The Sevens Ale House,Pubs,3.5,$$,281,77 Charles St,Boston,6175239074
Anna's Taqueria,Mexican,3.5,$,384,242 Cambridge St,Boston,6172278822
"MOOYAH Burgers, Fries & Shakes",Burgers,4.0,$,120,140 Tremont St,Boston,8572770176
P.F. Chang's,Chinese,3.0,$$,447,8 Park Plz,Boston,6175730821
Lady M Cake Boutique,Desserts,3.5,$$,210,304 Newbury St,Boston,6173295555
New Golden Gate,Chinese,3.5,$$,323,66 Beach St,Boston,6173387721
Capo Restaurant,Bars,3.5,$$,345,443 West Broadway,Boston,6179938080
Umai,Japanese,3.5,$$,218,224 Newbury St,Boston,6172622228
Yoki Express,Sushi Bars,4.0,$$,122,53 Boston Wharf Rd,Boston,8572637418
Ajeen,Middle Eastern,5.0,,43,1219 Commonwealth Ave,Boston,6177820420
Shanti Indian Cuisine,Indian,4.0,$$,400,1111 Dorchester Ave,Dorchester,6179293900
Harborside Inn,Hotels,3.5,$$,205,185 State St,Boston,6177237500
Clink,American (New),3.0,$$$,403,215 Charles St,Boston,6172244004
Nebo Cucina & Enoteca,Italian,3.5,$$,398,520 Atlantic Ave,Boston,6177236326
Jade Garden,Chinese,3.5,$$,234,18-20 Tyler St,Boston,6174233288
ilona,Bars,4.0,$$,132,783 Tremont St,Boston,6172077742
Grillo's Pickles,Street Vendors,4.0,$,94,Park Street T Stop,Boston,
The Paul Revere House,Museums,3.5,,197,19 North Sq,Boston,6175232338
Croke Park Whitey's,Dive Bars,4.5,$,92,268 W Broadway,Boston,6176065971
Casa B Tapas and Cocktail & Rum Bar,Caribbean,4.0,$$$,294,253 Washington St,Somerville,6177642180
Park Restaurant & Bar,American (New),4.0,$$,661,59 Jfk St,Cambridge,6174919851
Little Dipper,Breakfast & Brunch,4.5,$$,79,669 Centre St,Boston,6175249217
Lamplighter Brewing,Breweries,4.0,$$,227,284 Broadway,Cambridge,6179450450
Meadhall,Bars,3.5,$$,743,4 Cambridge Ctr,Cambridge,6177144372
Rock Bottom Restaurant & Brewery,American (Traditional),3.0,$$,652,115 Stuart St,Boston,6177422739
Abigail's Tea Room,Coffee & Tea,4.5,$,60,306 Congress St,Boston,6173381773
wagamama - seaport,Asian Fusion,4.0,$$,191,100 Northern Ave,Boston,6179339304
Ruckus,Ramen,3.5,$$,225,5 Tyler St,Boston,8573053129
Tasting Counter,American (New),4.5,$$$$,194,14 Tyler St,Somerville,6172996362
Café Rustica,Coffee & Tea,4.5,$,300,356 Beacon St,Somerville,6174918300
Crispy Crêpes Cafe,Creperies,4.0,$,189,714 Commonwealth Ave,Boston,6178599585
Gyro City,Greek,4.5,$$,122,181 Chestnut Hill Ave,Boston,6179034248
Bangkok Pinto,Thai,4.0,$,111,1041 Tremont St,Boston,6174425555
Galley Diner,Diners,4.5,$,175,11 P St,South Boston,6174641024
GreCo,Greek,4.5,$$,57,200 Pier Four Blvd,Boston,6175723300
The Brahmin,American (New),3.5,$$,399,33 Stanhope St,Boston,6177233131
Gong Cha,Bubble Tea,3.5,$,201,44 Harrison Ave,Boston,6175744870
Blackmoor Bar and Kitchen,American (Traditional),4.0,$$,226,1 Chelsea St,Boston,6175808166
Pavement Coffeehouse,Coffee & Tea,4.0,$$,144,1334 Boylston St,Boston,8572637355
Outlook Kitchen And Bar,American (New),3.5,$$,228,70 Sleeper St,Boston,6175301559
Mehak,Indian,3.5,$$,220,329 Sumner St,Boston,6175671900
Chill On Park,Coffee & Tea,4.5,$,60,142 Park St,Boston,6172975401
Shabu-Zen,Japanese,4.0,$$,646,80 Brighton Ave,Allston,6177828888
Boston Harbor Walk,Parks,4.5,,45,88 Black Falcon Ave,Boston,
Juliet,Cafes,4.0,$$,306,257 Washington St,Somerville,6177180958
Blu Restaurant & Bar,American (New),3.5,$$$,246,4 Avery St,Boston,6173758550
Kaju Tofu House,Korean,4.0,$$,637,58 Harvard Ave,Allston,6172088540
Peters Park,Dog Parks,4.5,,73,1277 Washington St,Boston,
The Well Coffee House,Coffee & Tea,4.5,$,51,1 State St,Boston,
Posto,Italian,4.0,$$,913,187 Elm St,Somerville,6176250600
Tarboosh,Pizza,4.5,$$,91,2 Brighton Ave,Boston,
Blaze Pizza,Pizza,4.0,$,213,1 Canal Park,Cambridge,8572209400
Assaggio,Italian,4.0,$$$,131,29 Prince St,Boston,6172277380
Bao Bao Bakery & Cafe,Bakeries,4.0,$,94,84 Harrison Ave,Boston,6179888191
Le's Vietnamese Resturant,Vietnamese,4.0,$$,702,137 Brighton Ave,Allston,6177832340
Cakes By Terri,Cupcakes,5.0,$,74,157 Charles St,Cambridge,6173351133
Last Hurrah,American (New),3.5,$$,157,60 School St,Boston,6173051888
Odyssey Cruises Boston,Venues & Event Spaces,4.0,$$$$,171,60 Rowes Wharf,Boston,6177481414
L'Osteria,Italian,3.5,$$,326,104 Salem St,Boston,6177237847
Blue Nile Restaurant,Ethiopian,4.0,$$,305,389 Centre St,Jamaica Plain,6175226453
Koreana,Korean,3.5,$$,744,158 Prospect St,Cambridge,6175768661
S & I Thai,Thai,4.0,$$,485,168 Brighton Ave,Allston,6172548488
Brassica Kitchen & Cafe,American (New),4.5,$$,307,3710 Washington St,Jamaica Plain,6174774519
Tenoch Mexican,Mexican,4.5,$,719,24 Riverside Ave,Medford,7813952221
Michael's Deli,Delis,4.0,$$,457,256 Harvard St,Brookline,6177383354
Black Seed Cafe & Grill,Middle Eastern,3.5,$,248,131 Tremont St,Boston,6173380024
Loconte's Italian Cuisine,Italian,3.5,$$,304,116 Salem St,Boston,6177203550
Victoria Seafood Restaurant,Chinese,3.5,$$,321,1029 Commonwealth Ave,Boston,6177835111
Fajitas & 'Ritas,Tex-Mex,3.0,$$,691,25 West St,Boston,6174261222
Izakaya Ittoku,Sushi Bars,4.0,$$,506,1815 Massachusetts Ave,Cambridge,6176083630
TeaMoji,Bubble Tea,4.0,$,136,3 N Beacon St,Boston,6179033496
Saloniki Greek,Greek,4.0,$$,265,181 Massachusetts Ave,Cambridge,6177145152
Sakura Sunakku,Creperies,4.0,$,132,42 Beach St,Boston,7818883897
El Triunfo,Mexican,3.5,$,270,147 E Berkeley St,Boston,6175428499
Energize,Juice Bars & Smoothies,4.5,,59,265 Massachusetts Ave,Boston,8573173868
Waypoint,Bars,4.0,$$,365,1030 Mass Ave,Cambridge,6178642300
The Breakfast Club,Diners,4.0,$$,723,270 Western Ave,Allston,6177831212
Equator Thai Restaurant,Thai,3.5,$$,203,1721 Washington St,Boston,6175366386
Lone Star Taco Bar,Bars,4.0,$$,536,479 Cambridge St,Allston,6177828226
Kings Dining & Entertainment - Boston Seaport,Sports Bars,4.0,$$,202,60 Seaport Blvd,Boston,6174010025
Jaho Coffee & Tea,Coffee & Tea,3.5,$,209,1651 Washington St,Boston,6172361680
Fill-A-Buster,Delis,4.0,$,99,142 Bowdoin St,Boston,6175238164
The Glenville Stops,American (New),4.5,$$,300,87 Glenville Ave,Allston,6179033638
Blackbird Doughnuts - Fenway,Donuts,3.5,$$,185,20 Kilmarnock St,Boston,6174829000
Ichiban Yakitori Sushi House,Korean,3.5,$$,157,14 Westland Ave,Boston,6172367907
FoMu,Ice Cream & Frozen Yogurt,4.5,$$,226,617 Centre St,Jamaica Plain,6175532299
Joe's Waterfront,Burgers,3.0,$$,546,100 Atlantic Ave,Boston,6173678700
The Boston Common Frog Pond,Skating Rinks,4.0,,116,Beacon St,Boston,6176352120
Bondir Cambridge,American (New),4.0,$$$$,327,279A Broadway,Cambridge,6176610009
Piccolo Nido,Italian,4.0,$$,173,257 N St,Boston,6177424272
Sushi Kappo,Sushi Bars,4.0,$$,92,86 Peterborough St,Boston,8572638168
Kaju Tofu House,Korean,4.0,$$,136,636 Beacon St,Boston,6179364252
PS Gourmet Coffee,Coffee & Tea,4.0,$,124,106 Dorchester St,Boston,6172694020
Pavement Coffeehouse,Coffee & Tea,3.5,$,203,286 Newbury St,Boston,6178599515
Loretta's Last Call,Southern,3.5,$$,250,1 Lansdowne St,Boston,6174219595
Helados Juli's Frozen Dessert,Desserts,5.0,$,30,8 Brooks St,Boston,6174353558
Dumpling House,Chinese,3.5,$$,624,950 Massachusetts Ave,Cambridge,6176618066
Miracle of Science Bar + Grill,Bars,3.5,$$,559,321 Massachusetts Ave,Cambridge,6178682866
ReelHouse Boston,American (New),3.5,$$,372,6 New St,Boston,6178954075
Ten One Tea House,Bubble Tea,4.0,,84,279 Newbury St,Boston,
Lord Hobo,Bars,3.5,$$,583,92 Hampshire St,Cambridge,6172508454
Zuma,Japanese,4.0,,142,1 Dalton St,Boston,8574492500
Alcove,Cocktail Bars,4.0,,147,50 Lovejoy Wharf,Boston,6172480050
Ula Café,Coffee & Tea,4.0,$,471,284 Amory St,Jamaica Plain,6175247890
Tasca Restaurant,Spanish,4.0,$$,966,1612 Commonwealth Ave,Brighton,6177308002
Lilly's Gourmet Pasta Express,Italian,4.0,$$,164,1528 Tremont St,Boston,6174278080
Cheeky Monkey Brewing,Brewpubs,3.5,$$,215,3 Lansdowne St,Boston,6178590030
Orinoco,Caribbean,4.0,$$,460,22 Harvard St,Brookline,6172329505
Courthouse Seafood Restaurant,Seafood Markets,4.0,$$,196,498 Cambridge St,Cambridge,6174911213
Fuji At Kendall,Sushi Bars,3.5,$$,350,300 3rd St,Cambridge,6172520088
OTTO,Pizza,3.5,$$,235,888 Commonwealth Ave,Boston,6172320447
Regina Pizzeria,Pizza,4.0,$,151,1330 Boylston St,Boston,6172669210
Vaisakhi Indian Kitchen,Indian,4.0,$$,119,157 Sutherland Rd,Boston,6175055932
Espresso Love,Coffee & Tea,4.0,$,144,33 Broad St,Boston,8572847462
JP Licks,Ice Cream & Frozen Yogurt,4.0,$,467,1312 Massachusetts Ave,Cambridge,6174921001
Scholars American Bistro and Cocktail Lounge,American (New),3.0,$$,374,25 School St,Boston,6172480025
Yume Wo Katare,Ramen,4.0,$$,913,1923 Massachusetts Ave,Cambridge,
The Red Hat,Dive Bars,3.5,$$,258,9 Bowdoin St,Boston,6175232175
Bennett's Sandwich Shop,Sandwiches,4.5,$$,72,84 Peterborough St,Boston,8572399736
Wichit,Sandwiches,3.5,$$,216,244 Newbury St,Boston,8574538284
I-CE-NY at Boston,Ice Cream & Frozen Yogurt,4.0,$$,92,217 Newbury St,Boston,8572398438
Ned Devine's Pub,Music Venues,3.0,$$,531,1 Faneuil Hall Marketplace,Boston,6172488800
Desfina Restaurant,Greek,4.0,$$,238,202 3rd St,Cambridge,6178689098
Angela's Cafe - Orient Heights,Mexican,4.0,$$,104,1012 Bennington St,Boston,6178748251
Tasty Mo:Mo,Himalayan/Nepalese,4.5,$,334,508 Medford St,Somerville,6177640222
Alibi,Lounges,3.0,$$$,365,215 Charles St,Boston,8572411144
Siam Ginger,Thai,4.0,$$,384,22 Bow St,Somerville,6176255015
Taste Wine Bar & Kitchen,Wine Bars,4.5,$$,67,101 Summer St,Boston,6175198009
The Ginger Man,Beer Bar,4.0,$$,108,148 State St,Boston,6179364241
Viale,Italian,4.0,$$$,256,502 Massachusetts Ave,Cambridge,6175761900
Siam Bistro,Thai,3.5,$$,193,151 Pearl St,Boston,6172107953
2nd Street Cafe,Cafes,4.0,$,146,89 2nd St,Cambridge,6176611311
Ben & Jerry’s,Ice Cream & Frozen Yogurt,4.0,$,91,174 Newbury St,Boston,6175365456
SOFRA Bakery & Cafe,Middle Eastern,4.0,$$,823,1 Belmont St,Cambridge,6176613161
Oak + Rowan,Seafood,3.5,$$$,205,321 A St Fort Point,Boston,8572847742
Redbones BBQ,Barbeque,3.5,$$,1782,55 Chester St,Somerville,6176282200
Haymarket Pizza,Pizza,4.0,$,117,106 Blackstone St,Boston,6177238585
Rincon Limeño Restaurant,Latin American,4.5,$$,286,409 Chelsea St,East Boston,6175694942
JJ Foley's Bar & Grille,Pubs,3.5,$,178,21 Kingston St,Boston,6176952529
Eddie V's Prime Seafood,Seafood,4.0,$$$,113,122 Belvidere St,Boston,6173589990
Bogie's Place,Bars,4.0,$$$,97,25 Temple Pl,Boston,6173385333
Union Square Donuts,Donuts,4.0,$$,126,100 Hanover St,Boston,6172092257
Twelve Hours,Asian Fusion,4.5,$$,398,559 Washington St,Brighton,6172025108
Empire Garden Restaurant,Dim Sum,3.0,$$,427,690 Washington St,Boston,6174828898
Tora Ramen,Ramen,4.5,,48,99 Harrison Ave,Boston,8572334680
The Abbey,American (New),4.0,$$,475,1657 Beacon St,Brookline,6177308040
Salty Dog Seafood Grille & Bar,Seafood,3.0,$$,342,206 S Market St,Boston,6177422094
The Hourly Oyster House,Seafood,4.0,$$,367,15 Dunster St,Cambridge,6177652342
Mother Anna's Restaurant,Italian,3.0,$$,364,211 Hanover St,Boston,6175238496
Mu Lan,Taiwanese,4.0,$$,328,228 Broadway,Cambridge,6174418813
The Point,American (Traditional),3.5,$$,206,147 Hanover St,Boston,6175237020
Serafina Downtown,Italian,3.5,$$,164,10 High St,Boston,6174261234
Black Lamb,American (New),4.0,,100,571 Tremont St,Boston,6179826330
Sumiao Hunan Kitchen,Chinese,3.5,$$$,306,270 Third St,Cambridge,6179450907
ROYCE' Boston,Desserts,4.5,$$,49,251 Newbury St,Boston,8572399041
Boloco,American (New),4.0,$,116,133 Federal St,Boston,6173579727
Restaurante Cesaria,Portuguese,4.0,$$,131,266 Bowdoin St,Boston,6172821998
Cha Cha Cha Taqueria,Mexican,4.0,$,79,145 Dartmouth St,Boston,6177853516
Fiouna's Persian Fusion Cuisine,Persian/Iranian,4.0,$$,160,90 Peterborough St,Boston,6172477717
Chiharu,Sushi Bars,4.5,$$,159,370 Boylston St,Brookline,6174878684
Figs by Todd English,Pizza,3.5,$$,383,67 Main St,Charlestown,6172422229
Maverick’s,American (Traditional),4.0,$,148,154 Maverick St,Boston,6174556232
Little Pecan Bistro,Asian Fusion,5.0,,35,296 Washington St,Boston,8572771654
Mama's Place,Greek,3.5,$,174,764 Huntington Ave,Boston,6175661300
La Catrina,Mexican,4.0,$,183,1620 Commonwealth Ave,Boston,6174875060
Hong Kong At Faneuil Hall,Bars,3.0,$,433,65 Chatham St,Boston,6172272226
Fort Independence Park,Parks,4.5,,47,2010 William J Day Blvd,Boston,6177275290
The Boston Chipyard,Bakeries,4.0,$,127,Quincy Market,Boston,6177429537
D'Guru Restaurant,Indian,3.5,$,143,187 Devonshire St,Boston,6173194392
Life Alive Organic Cafe,Juice Bars & Smoothies,4.0,$$,113,431 Boylston St,Boston,
Dumpling King,Dim Sum,4.0,$,82,40-44 Harrison Ave,Boston,6174828888
Cambridge Common,American (Traditional),4.0,$$,720,1667 Massachusetts Ave,Cambridge,6175471228
Bin 26 Enoteca,Italian,3.5,$$$,288,26 Charles St,Boston,6177235939
CAVA,Mediterranean,4.0,$$,91,669 Boylston St,Boston,6172868927
OTTO,Pizza,4.0,$$,540,289 Harvard St,Brookline,6172320014
Cactus Grill,Mexican,4.0,$,94,44 Maverick Sq,Boston,6175612800
sweetgreen,Salad,4.0,$$,91,132 Brookline Ave,Boston,8572332673
Fromage Wine Bar and Restaurant,Bars,4.0,$$,100,401 W Broadway,Boston,6174644300
Bronwyn,German,4.0,$$,418,255 Washington St,Somerville,6177769900
Rochambeau,French,4.0,,139,900 Boylston St,Boston,6172470400
Catalyst Restaurant,American (New),3.5,$$$,362,300 Technology Sq,Cambridge,6175763000
Fin's Sushi & Grill,Sushi Bars,4.0,$$,135,62 Boylston St,Boston,6174234888
Noodle Street,Thai,3.0,$$,338,627 Commonwealth Ave,Boston,6175363100
Mast,Pizza,3.5,$$,275,45 Province St,Boston,6179363800
Pagliucas,Italian,3.0,$$,352,14 Parmenter St,Boston,6173671504
Panificio,Breakfast & Brunch,3.0,$$,298,144 Charles St,Boston,6172274340
D'Parma Restaurant,Italian,4.0,$$,121,182 Sumner St,Boston,6175679671
Sichuan Gourmet,Chinese,3.5,$$,370,1004 Beacon St,Brookline,6172774226
Izzy's Restaurant & Sub Shop,American (Traditional),4.5,$,147,169 Harvard St,Cambridge,6176613910
Carrot Flower,Juice Bars & Smoothies,4.5,,41,703 Centre St,Boston,6179428923
Table,Italian,4.0,$$$$,99,445 Hanover St,Boston,8572504286
MMMac & Cheese,American (Traditional),3.5,$,181,1 Faneuil Hall Marketplace,Boston,
Veggie Crust,Pizza,4.5,$$,231,445 Somerville Ave,Somerville,6177644605
When Pigs Fly,Bakeries,4.5,$,129,1378A Beacon St,Brookline,6172321077
sweetgreen,Salad,4.0,$$,102,800 Boylston St,Boston,8577534982
Giggling Rice Thai To Go,Thai,4.0,$,199,1009 Beacon St,Brookline,6172329888
The Daily Catch,Seafood,4.0,$$,411,441 Harvard St,Brookline,6177342700
Sulmona,Pizza,4.0,$$,230,608 Main St,Cambridge,6177144995
Flames Restaurant II,Caribbean,3.5,$$,193,746 Huntington Ave,Boston,6177341911
Commonwealth Restaurant and Market,American (Traditional),3.5,$$,312,11 Broad Canal Way,Cambridge,6179457030
Num Pang Kitchen,Cambodian,3.5,$$,130,800 Boylston St,Boston,8572398535
Miel Brasserie,Salad,3.5,$$$,252,510 Atlantic Ave,Boston,6172175151
Olé,Mexican,3.5,$$,656,11 Springfield St,Cambridge,6174924495
The Painted Burro,Mexican,4.0,$$,887,219 Elm St,Somerville,6177760005
Café Quattro,Pizza,4.5,$,73,817 Harrison Ave,Boston,6175579291
Grainmaker,Asian Fusion,4.0,$$,119,91 Summer St,Boston,6174820131
Rose Fitzgerald Kennedy Greenway,Parks,4.0,,56,185 Kneeland St,Boston,6172920020
Sidebar Boston,American (Traditional),3.5,$,240,14 Bromfield St,Boston,6173571899
Cafe Gigu,Lounges,4.5,$$,37,102 Meridian St,Boston,6175614448
Jamaica Mi Hungry,Caribbean,4.5,,59,225 Centre St,Boston,6172598017
Villa Mexico Cafe,Mexican,4.0,$$,135,121 Water St,Boston,6179570725
Gourmet China House,Chinese,3.5,$$,231,55 Beach St,Boston,6172929989
Sound Bites Cafe,Breakfast & Brunch,4.0,$$,1109,704 Broadway,Somerville,6176238338
Cha Yen Thai Cookery,Thai,4.5,$$,367,613 Mt Auburn St,Watertown,6173930031
Bubor Cha Cha,Seafood,3.0,$$,346,45 Beach St,Boston,8572332478
The Halal Guys,Middle Eastern,3.5,$,237,137 Stuart St,Boston,8572502279
Lambert's Marketplace,Delis,3.5,$,149,140 Tremont St,Boston,6173386500
Elephant & Castle,Pubs,3.0,$$,396,161 Devonshire St,Boston,6173509977
Harvard Museum of Natural History,Museums,4.5,,207,26 Oxford St,Cambridge,6174953045
Blue Bottle Coffee,Coffee & Tea,4.0,$$,79,800 Boylston St,Boston,5106533394
Dumpling Palace,Taiwanese,3.0,$$,443,179 Massachusetts Ave,Boston,6172668888
New England Aquarium Whale Watch,Aquariums,4.0,,126,1 Central Wharf,Boston,6179735206
North 26 Restaurant and Bar,American (Traditional),3.5,$$,186,26 North St,Boston,6175573640
Mister Q Cafe,Cafes,5.0,,29,283 Main St,Boston,6173986228
Tampopo,Japanese,4.5,$,326,1815 Massachusetts Ave,Cambridge,6178685457
Time Out Market - Boston,Cocktail Bars,3.0,$$,282,401 Park Dr,Boston,9783938088
sweetgreen,Salad,4.0,$$,68,87 Summer St,Boston,6178704700
The Maharaja,Indian,4.0,$$,544,57 Jfk St,Cambridge,6175472757
Chilacates Mexican Street Food,Mexican,4.5,,38,1482A Tremont St,Boston,6172385437
Ole to Go!,Mexican,4.0,$,362,11 Springfield St,Cambridge,6174924495
Henrietta's Table,American (New),3.5,$$$,787,1 Bennett St,Cambridge,6176615005
Top Bread,Bakeries,4.0,$,107,77 Harrison Ave,Boston,6173381689
Champions,Sports Bars,3.0,$$,261,110 Huntington Avenue,Boston,6179275304
Alfredo's Italian Kitchen - South Boston,Italian,4.0,$,202,243 Dorchester St,South Boston,6172688939
Grafton Street,American (Traditional),3.5,$$,813,1230 Massachusetts Ave,Cambridge,6174970400
Cuppacoffee,Coffee & Tea,4.0,$,78,57 Traveler St,Boston,8573172148
4th Wall Restaurant & Bar,Bars,4.0,$$,94,228 Tremont St,Boston,8579570909
Naco Taco,Mexican,3.5,$$,486,297 Massachusetts Ave,Cambridge,6179451548
Grasshopper Restaurant,Chinese,4.0,$$,591,1 N Beacon St,Allston,6172548883
Club Café,Gay Bars,3.0,$$,359,209 Columbus Ave,Boston,6175360966
Lulu Green,Vegan,5.0,$$,34,246 W Broadway,Boston,6174204070
House of Siam,Thai,3.5,$$,200,542 Columbus Ave,Boston,6172671755
Capital One Café,Banks & Credit Unions,4.0,$,76,799 Boylston St,Boston,6172360585
Boston & Maine Fish Co,Seafood,3.5,$$,195,200 Faneuil Hall Marketplace,Boston,6177234111
Kung Fu Tea,Bubble Tea,3.5,$,176,66 Kneeland St,Boston,6175428838
Espresso Yourself,Coffee & Tea,4.0,$$,77,767 Centre St,Boston,6174773289
Chilacates Mexican Street Food,Mexican,4.0,$$,71,275 Shawmut Ave,Boston,8573503292
Esperia Grill,Greek,4.5,$$,450,344 Washington St,Brighton,6172548337
Warehouse Bar & Grille,Sports Bars,3.5,$$,192,40 Broad St,Boston,6179364383
RF O'Sullivan & Son,Burgers,3.5,$$,681,282 Beacon St,Somerville,6174919638
Finagle A Bagel,Bagels,3.5,$,154,535 Boylston St,Boston,6172662500
Asmara Restaurant,Ethiopian,4.0,$$,343,739 Massachusetts Ave,Cambridge,6178647447
The Hill Tavern,Pubs,3.5,$$,249,228 Cambridge St,Boston,6177426192
Leonard P. Zakim Bunker Hill Memorial Bridge,Landmarks & Historical Buildings,4.5,,43,100 Beverly St,Boston,
Luna's Restaurant Italian and Latin Cuisine,Italian,4.5,$$,76,945 Saratoga St,Boston,6174185321
Darbar,Pakistani,3.5,$$,195,130 N Beacon St,Boston,6177798800
Fins Sushi and Grill,Japanese,3.5,$$,176,240 Cambridge St,Boston,6172272277
Herrera's Mexican Grill,Mexican,3.5,$,138,11 Temple Pl,Boston,6174262350
Vinny's Ristorante,Italian,4.0,$$,367,76 Broadway,Somerville,6176281921
Pagu,Japanese,3.5,$$$,356,310 Massachusetts Ave,Cambridge,6179459290
Donna's Restaurant,American (Traditional),4.0,$,150,980 Saratoga St,Boston,6175689314
Kayuga,Japanese,3.5,$$,204,1030 Commonwealth Ave,Boston,6175668888
The Emory,American (New),4.5,$$,62,21 Beacon St,Boston,6174306325
Georges Island,Parks,4.0,,56,,Boston,
The Plough & Stars,Music Venues,4.0,$$,309,912 Massachusetts Ave,Cambridge,6175760032
Leone's Sub & Pizza,Sandwiches,4.0,$,326,292 Broadway,Somerville,6177762511
Lower Mills Tavern,Cocktail Bars,4.0,$$,149,2269 Dorchester Ave,Boston,8572674461
Rocco's Cucina & Bar,Sports Bars,3.5,$$,163,450 Commercial St,Boston,6175234055
China King,Chinese,3.5,$$,156,60 Beach St,Boston,6175421763
Celeste,Peruvian,4.5,$$,141,21 Bow St,Somerville,6176165319
Toscano,Italian,4.0,$$,423,52 Brattle St,Cambridge,6173545250
Felipe's Taqueria,Mexican,3.5,$,749,21 Brattle St,Cambridge,6173549944
Rowes Wharf Sea Grille,Seafood,3.5,$$$,209,70 Rowes Wharf,Boston,6178567744
Boba Me,Bubble Tea,4.5,,52,1520 Tremont St,Boston,6172036480
Jonquils Cafe & Bakery,Cafes,3.5,$$,131,125 Newbury St,Boston,6179826117
Capitol Coffee House,Coffee & Tea,4.0,$,111,122 Bowdoin St,Boston,6172274865
Bloc Somerville,Bakeries,3.5,$$,499,11 Bow St,Somerville,6176230000
B.GOOD,Burgers,3.5,$$,255,255 Washington St,Boston,6172271006
Cafe G,American (New),4.0,$$,100,25 Evans Way,Boston,6175661088
The Oyster Bar,Seafood,4.0,$$,89,1 Faneuil Hall Sq,Boston,6177421530
Boston College Club,Venues & Event Spaces,4.5,,29,100 Federal St,Boston,6179462828
Juicy Spot Cafe,Ice Cream & Frozen Yogurt,3.5,$,133,16 Tyler St,Boston,8573789220
Mary Chung Restaurant,Chinese,3.5,$$,414,460 Massachusetts Ave,Cambridge,6178641991
Pavia Italian Cuisine Catering & More,Italian,4.0,$,95,82 Water St,Boston,6177203000
Machu Picchu,Peruvian,4.0,$$,373,307 Somerville Ave,Somerville,6176287070
Boloco Berklee,Mexican,3.5,$,130,1080 Boylston St,Boston,6173699087
Party Favors,Party Supplies,4.0,$$,319,1356 Beacon St,Brookline,6175663330
La Casa Del Pandebono,Bakeries,5.0,,27,271 Meridian St,Boston,6175692799
Honeycomb Creamery,Desserts,4.0,$,308,1702 Massachusetts Ave,Cambridge,6177143983
Yoma Boston,Burmese,4.0,$$,345,5 N Beacon St,Allston,6177831372
Middle East Restaurant and Nightclub,Middle Eastern,3.5,$$,541,472-480 Massachusetts Ave,Cambridge,6178643278
NU Kitchen,Breakfast & Brunch,4.0,$$,181,195 Washington St,Somerville,6177642482
Asian Garden,Chinese,3.5,$$,135,28 Harrison Ave,Boston,6176951646
La Morra,Italian,4.0,$$$,325,48 Boylston St,Brookline,6177390007
Mike's Pastry,Bakeries,4.0,$,375,11 Dunster St,Cambridge,6176610518
Troquet on South,French,4.0,$$$$,58,107 S St,Boston,6176959463
Mo'Rockin Fusion,Moroccan,4.5,$,34,100 Hanover St,Boston,6174879453
Boston Burger,Burgers,4.0,$$,914,37 Davis Sq,Somerville,6174407361
Dillon's,Bars,3.0,$$,470,955 Boylston St,Boston,6174211818
Bambara,American (New),3.5,$$,293,25 Edwin H Land Blvd,Cambridge,6178684444
Diesel Cafe,Coffee & Tea,4.0,$,918,257 Elm St,Somerville,6176298717
Franklin Park Zoo,Zoos,3.5,,244,1 Franklin Park Rd,Boston,6175415466
224 Boston Street Restaurant,American (New),4.0,$$,256,224 Boston St,Dorchester,6172651217
BB.Q Chicken Allston,Korean,3.5,$$,236,182 Harvard Ave,Boston,6179033359
East Boston Piers Park,Parks,4.5,,69,95 Marginal St,East Boston,
101 Bakery,Bakeries,3.5,$,124,56 Beach St,Boston,6174519988
Saigon Fusion,Vietnamese,5.0,,26,201 Massachusetts Ave,Boston,6172361464
Brothers & Sisters Co Coffeehouse + Cafe,Coffee & Tea,4.0,$,239,7 Station St,Brookline,6177305525
Shenannigans Bar,Bars,3.5,$$,180,332 W Broadway,Boston,6172699509
